Square Feet,Beds,Baths,Garages,Image Path
3041,3,2.5,2,0_1.jpg
784,1,1,1,0_2.jpg
2486,3,2.5,1,0_3.jpg
2220,3,2,1,0_4.jpg
3776,3,3.5,1,0_5.jpg
2765,3,2.5,2,0_6.jpg
2039,3,2,1,0_7.jpg
2400,3,3.5,1,0_8.jpg
2030,3,2,1,0_9.jpg
612,1,1,1,0_10.jpg
1800,3,2,1,0_11.jpg
2000,3,2.5,1,0_12.jpg
2235,4,3,2,0_13.jpg
1260,2,2,1,0_14.jpg
2016,3,2.5,1,0_15.jpg
3374,3,3.5,2,0_16.jpg
2084,3,2.5,2,0_17.jpg
924,2,1,1,0_18.jpg
525,1,1,2,0_19.jpg
2765,3,2.5,2,0_20.jpg
3399,3,3,2,0_21.jpg
1800,3,3,1,0_22.jpg
1596,3,2,1,0_23.jpg
1639,3,2,1,0_24.jpg
2693,3,2.5,2,0_25.jpg
2250,3,2.5,2,0_26.jpg
2168,3,2.5,1,0_27.jpg
2311,3,2.5,2,0_28.jpg
896,2,1,1,0_29.jpg
2000,4,3,1,0_30.jpg
1879,3,2,1,1_1.jpg
1642,3,2.5,1,1_2.jpg
1200,3,2,1,1_3.jpg
624,1,1,1,1_4.jpg
2234,3,2.5,1,1_5.jpg
1473,3,2,1,1_6.jpg
1788,3,2,1,1_7.jpg
2073,3,2.5,1,1_8.jpg
1374,3,2,2,1_9.jpg
1024,1,1.5,1,1_10.jpg
1749,3,2,1,1_11.jpg
2988,4,3,2,1_12.jpg
1914,3,2,1,1_13.jpg
691,2,1,1,1_14.jpg
1451,3,2,1,1_15.jpg
1428,3,2,1,1_16.jpg
2296,3,3,2,1_17.jpg
999,2,2,1,1_18.jpg
3797,4,3.5,2,1_19.jpg
1697,3,2,1,1_20.jpg
788,1,1,1,1_21.jpg
3742,4,4,2,1_22.jpg
1440,2,2,1,1_23.jpg
1947,4,2.5,1,1_24.jpg
680,1,1,2,1_25.jpg
1657,3,2,1,1_26.jpg
1628,3,2,1,1_27.jpg
2590,3,3,2,1_28.jpg
640,1,1,2,1_29.jpg
930,2,2,1,1_30.jpg
1230,3,2,1,2_1.jpg
1679,2,2,1,2_2.jpg
1200,2,2,1,2_3.jpg
768,1,1,1,2_4.jpg
624,1,1,1,2_5.jpg
384,1,1,1,2_6.jpg
2234,3,2.5,1,2_7.jpg
2268,3,2,1,2_8.jpg
1479,3,2,2,2_9.jpg
1727,2,2,2,2_10.jpg
1770,3,2.5,2,2_11.jpg
522,1,1,2,2_12.jpg
1277,3,2,1,2_13.jpg
1966,4,3,2,2_14.jpg
1143,2,1,1,2_15.jpg
900,2,1,1,2_16.jpg
1599,2,2,2,2_17.jpg
1374,3,2,2,2_18.jpg
640,1,1,1,2_19.jpg
761,2,1,2,2_20.jpg
1011,2,2,2,2_21.jpg
2662,3,3,2,2_22.jpg
1011,2,2,2,2_23.jpg
1400,2,2,2,2_24.jpg
896,1,1.5,1,2_25.jpg
600,1,1,1,2_26.jpg
935,2,1,1,2_27.jpg
1162,2,2,1,2_28.jpg
598,1,1,1,2_29.jpg
480,2,1,1,2_30.jpg
3345,3,3.5,2,3_1.jpg
3458,4,4.5,3,3_2.jpg
3776,3,3.5,1,3_3.jpg
1679,2,2,1,3_4.jpg
3595,3,4.5,3,3_5.jpg
2235,3,2.5,1,3_6.jpg
1200,2,2,1,3_7.jpg
1509,3,2,2,3_8.jpg
926,2,2,1,3_9.jpg
1576,3,2,2,3_10.jpg
3374,3,3.5,2,3_11.jpg
2287,3,3,2,3_12.jpg
1105,2,2,1,3_13.jpg
2827,3,3,2,3_14.jpg
3164,4,2.5,2,3_15.jpg
3638,3,3.5,1,3_16.jpg
3105,4,3,2,3_17.jpg
1212,2,1,1,3_18.jpg
3224,6,4.5,2,3_19.jpg
2358,3,2.5,1,3_20.jpg
1913,3,2,1,3_21.jpg
1731,3,2,1,3_22.jpg
1131,3,2,1,3_23.jpg
1639,3,2,1,3_24.jpg
3083,3,3.5,1,3_25.jpg
2250,3,2.5,2,3_26.jpg
985,2,2,2,3_27.jpg
2268,3,2,1,3_28.jpg
1552,3,2,1,3_29.jpg
1373,3,2,1,3_30.jpg
1616,2,2,2,4_1.jpg
1742,3,2.5,1,4_2.jpg
2743,4,4.5,2,4_3.jpg
2510,3,2.5,1,4_4.jpg
1285,2,2,1,4_5.jpg
1486,3,2,1,4_6.jpg
928,2,2,1,4_7.jpg
988,2,2,1,4_8.jpg
1254,2,2,1,4_9.jpg
926,2,2,1,4_10.jpg
2016,3,2.5,1,4_11.jpg
800,2,1,1,4_12.jpg
1500,3,2,1,4_13.jpg
1300,3,2,1,4_14.jpg
1425,3,2,1,4_15.jpg
1764,4,2,1,4_16.jpg
1212,2,1,1,4_17.jpg
618,1,1,2,4_18.jpg
4658,6,4.5,2,4_19.jpg
2526,3,2.5,2,4_20.jpg
1200,3,2,1,4_21.jpg
1732,4,2.5,1,4_22.jpg
856,2,1,1,4_23.jpg
624,1,1,1,4_24.jpg
1257,2,2,1,4_25.jpg
736,2,1,1,4_26.jpg
872,1,1.5,1,4_27.jpg
1450,3,2,1,4_28.jpg
1302,3,2,2,4_29.jpg
1738,3,2.5,2,4_30.jpg
1908,3,2.5,2,5_1.jpg
784,1,1,1,5_2.jpg
2085,3,2.5,1,5_3.jpg
1742,3,2.5,1,5_4.jpg
2486,3,2.5,1,5_5.jpg
2743,4,4.5,2,5_6.jpg
2220,3,2,1,5_7.jpg
1769,3,2,1,5_8.jpg
3776,3,3.5,1,5_9.jpg
2358,3,2.5,1,5_10.jpg
2765,3,2.5,2,5_11.jpg
2400,3,3.5,1,5_12.jpg
1679,2,2,1,5_13.jpg
612,1,1,1,5_14.jpg
2400,4,3.5,1,5_15.jpg
1924,3,2.5,1,5_16.jpg
2326,4,2.5,1,5_17.jpg
3127,4,3.5,1,5_18.jpg
1843,4,2,1,5_19.jpg
988,2,2,1,5_20.jpg
1800,3,2,1,5_21.jpg
2390,4,3,1,5_22.jpg
1254,2,2,1,5_23.jpg
1448,2,2,1,5_24.jpg
2428,3,2.5,1,5_25.jpg
981,2,2,1,5_26.jpg
2000,3,2.5,1,5_27.jpg
2235,4,3,2,5_28.jpg
1260,2,2,1,5_29.jpg
1611,3,2,1,5_30.jpg
3458,4,4.5,3,6_1.jpg
960,2,1,1,6_2.jpg
1769,3,2,1,6_3.jpg
2358,3,2.5,1,6_4.jpg
2765,3,2.5,2,6_5.jpg
2039,3,2,1,6_6.jpg
2030,3,2,1,6_7.jpg
2303,3,2.5,1,6_8.jpg
2400,4,3.5,1,6_9.jpg
1817,3,2,1,6_10.jpg
1843,4,2,1,6_11.jpg
1421,3,2,1,6_12.jpg
1879,3,2,1,6_13.jpg
928,2,2,1,6_14.jpg
988,2,2,1,6_15.jpg
988,2,2,1,6_16.jpg
1254,2,2,1,6_17.jpg
2428,3,2.5,1,6_18.jpg
1698,3,2.5,1,6_19.jpg
981,2,2,1,6_20.jpg
2016,3,2.5,1,6_21.jpg
1232,2,2,1,6_22.jpg
1956,3,2.5,1,6_23.jpg
2030,3,2,1,6_24.jpg
2230,3,2.5,1,6_25.jpg
1897,4,2,1,6_26.jpg
1232,2,2,1,6_27.jpg
1258,3,2,1,6_28.jpg
2765,3,2.5,2,6_29.jpg
1425,3,2,1,6_30.jpg
2578,4,3.5,1,7_1.jpg
784,1,1,1,7_2.jpg
2085,3,2.5,1,7_3.jpg
1742,3,2.5,1,7_4.jpg
2486,3,2.5,1,7_5.jpg
2743,4,4.5,2,7_6.jpg
2588,3,2.5,1,7_7.jpg
2220,3,2,1,7_8.jpg
2510,3,2.5,1,7_9.jpg
960,2,1,1,7_10.jpg
2358,3,2.5,1,7_11.jpg
2352,4,3,1,7_12.jpg
2765,3,2.5,2,7_13.jpg
2039,3,2,1,7_14.jpg
2400,3,3.5,1,7_15.jpg
2030,3,2,1,7_16.jpg
2303,3,2.5,1,7_17.jpg
612,1,1,1,7_18.jpg
2400,4,3.5,1,7_19.jpg
1817,3,2,1,7_20.jpg
1924,3,2.5,1,7_21.jpg
2326,4,2.5,1,7_22.jpg
3127,4,3.5,1,7_23.jpg
1843,4,2,1,7_24.jpg
1486,3,2,1,7_25.jpg
928,2,2,1,7_26.jpg
988,2,2,1,7_27.jpg
988,2,2,1,7_28.jpg
1800,3,2,1,7_29.jpg
2373,4,2.5,1,7_30.jpg
4356,4,4.5,2,8_1.jpg
3458,4,4.5,3,8_2.jpg
1679,2,2,1,8_3.jpg
3595,3,4.5,3,8_4.jpg
2373,4,2.5,1,8_5.jpg
2235,3,2.5,1,8_6.jpg
1200,2,2,1,8_7.jpg
1509,3,2,2,8_8.jpg
926,2,2,1,8_9.jpg
1576,3,2,2,8_10.jpg
3374,3,3.5,2,8_11.jpg
800,2,1,1,8_12.jpg
2287,3,3,2,8_13.jpg
1105,2,2,1,8_14.jpg
1642,3,2.5,1,8_15.jpg
3638,3,3.5,1,8_16.jpg
1979,3,2.5,1,8_17.jpg
3105,4,3,2,8_18.jpg
618,1,1,2,8_19.jpg
1600,3,2,1,8_20.jpg
3224,6,4.5,2,8_21.jpg
1872,3,2,1,8_22.jpg
1913,3,2,1,8_23.jpg
1731,3,2,1,8_24.jpg
1131,3,2,1,8_25.jpg
860,2,2,1,8_26.jpg
3083,3,3.5,1,8_27.jpg
1953,2,2.5,2,8_28.jpg
985,2,2,2,8_29.jpg
2557,3,2.5,1,8_30.jpg
2578,4,3.5,1,9_1.jpg
784,1,1,1,9_2.jpg
2085,3,2.5,1,9_3.jpg
1742,3,2.5,1,9_4.jpg
2486,3,2.5,1,9_5.jpg
2743,4,4.5,2,9_6.jpg
2588,3,2.5,1,9_7.jpg
2220,3,2,1,9_8.jpg
2510,3,2.5,1,9_9.jpg
960,2,1,1,9_10.jpg
2358,3,2.5,1,9_11.jpg
2352,4,3,1,9_12.jpg
2765,3,2.5,2,9_13.jpg
2039,3,2,1,9_14.jpg
2400,3,3.5,1,9_15.jpg
2030,3,2,1,9_16.jpg
2303,3,2.5,1,9_17.jpg
612,1,1,1,9_18.jpg
2400,4,3.5,1,9_19.jpg
1817,3,2,1,9_20.jpg
1924,3,2.5,1,9_21.jpg
2326,4,2.5,1,9_22.jpg
3127,4,3.5,1,9_23.jpg
1843,4,2,1,9_24.jpg
1486,3,2,1,9_25.jpg
928,2,2,1,9_26.jpg
988,2,2,1,9_27.jpg
988,2,2,1,9_28.jpg
1800,3,2,1,9_29.jpg
2373,4,2.5,1,9_30.jpg
1652,3,2,1,10_1.jpg
2486,3,2.5,1,10_2.jpg
2220,3,2,1,10_3.jpg
3776,3,3.5,1,10_4.jpg
2400,3,3.5,1,10_5.jpg
2030,3,2,1,10_6.jpg
2303,3,2.5,1,10_7.jpg
1843,4,2,1,10_8.jpg
1879,3,2,1,10_9.jpg
928,2,2,1,10_10.jpg
988,2,2,1,10_11.jpg
1800,3,2,1,10_12.jpg
2373,4,2.5,1,10_13.jpg
1698,3,2.5,1,10_14.jpg
1260,2,2,1,10_15.jpg
1611,3,2,1,10_16.jpg
2235,3,2.5,1,10_17.jpg
926,2,2,1,10_18.jpg
1650,3,2.5,1,10_19.jpg
2686,4,2.5,1,10_20.jpg
2454,3,2.5,1,10_21.jpg
1232,2,2,1,10_22.jpg
768,1,1,1,10_23.jpg
924,2,1,1,10_24.jpg
1064,2,2,1,10_25.jpg
2030,3,2,1,10_26.jpg
1232,2,2,1,10_27.jpg
1416,3,2,1,10_28.jpg
1258,3,2,1,10_29.jpg
1880,4,2.5,1,10_30.jpg
640,1,1,1,13_1.jpg
768,1,1,1,13_2.jpg
1003,1,1,2,13_3.jpg
624,1,1,1,13_4.jpg
872,1,1.5,1,13_5.jpg
732,1,1,1,13_6.jpg
967,1,2,2,13_7.jpg
741,1,1,2,13_8.jpg
300,1,1,1,13_9.jpg
1024,1,1.5,1,13_10.jpg
640,1,1,1,13_11.jpg
782,2,1,1,13_12.jpg
287,1,1,1,13_13.jpg
896,1,1.5,1,13_14.jpg
600,1,1,1,13_15.jpg
576,1,1,1,13_16.jpg
312,1,1,1,13_17.jpg
598,1,1,1,13_18.jpg
632,1,1.5,2,13_19.jpg
582,1,1,2,13_20.jpg
480,1,1,1,13_21.jpg
572,1,1,2,13_22.jpg
480,1,1,1,13_23.jpg
799,1,1.5,1,13_24.jpg
788,1,1,1,13_25.jpg
504,1,1,1,13_26.jpg
747,1,1,1,13_27.jpg
815,1,1,1,13_28.jpg
370,1,1,1,13_29.jpg
704,1,1,1,13_30.jpg
1480,2,2,1,14_1.jpg
960,2,1,1,14_2.jpg
1285,2,2,1,14_3.jpg
928,2,2,1,14_4.jpg
988,2,2,1,14_5.jpg
988,2,2,1,14_6.jpg
1254,2,2,1,14_7.jpg
981,2,2,1,14_8.jpg
1260,2,2,1,14_9.jpg
926,2,2,1,14_10.jpg
1232,2,2,1,14_11.jpg
924,2,1,1,14_12.jpg
1064,2,2,1,14_13.jpg
800,2,1,1,14_14.jpg
1105,2,2,1,14_15.jpg
1232,2,2,1,14_16.jpg
1200,2,2,1,14_17.jpg
985,2,2,2,14_18.jpg
1292,2,2,1,14_19.jpg
1387,2,2,1,14_20.jpg
1727,2,2,2,14_21.jpg
1120,2,2,1,14_22.jpg
896,2,1,1,14_23.jpg
996,2,2,1,14_24.jpg
1603,2,2,1,14_25.jpg
1185,2,2,1,14_26.jpg
1297,2,2,1,14_27.jpg
921,2,1,1,14_28.jpg
1011,2,2,2,14_29.jpg
1616,2,2,2,14_30.jpg
2241,3,2.5,1,15_1.jpg
2085,3,2.5,1,15_2.jpg
1742,3,2.5,1,15_3.jpg
2486,3,2.5,1,15_4.jpg
2588,3,2.5,1,15_5.jpg
2220,3,2,1,15_6.jpg
3776,3,3.5,1,15_7.jpg
2358,3,2.5,1,15_8.jpg
2765,3,2.5,2,15_9.jpg
2039,3,2,1,15_10.jpg
2400,3,3.5,1,15_11.jpg
2030,3,2,1,15_12.jpg
2303,3,2.5,1,15_13.jpg
1817,3,2,1,15_14.jpg
1924,3,2.5,1,15_15.jpg
1486,3,2,1,15_16.jpg
1800,3,2,1,15_17.jpg
2428,3,2.5,1,15_18.jpg
1698,3,2.5,1,15_19.jpg
1611,3,2,1,15_20.jpg
2235,3,2.5,1,15_21.jpg
1509,3,2,2,15_22.jpg
1650,3,2.5,1,15_23.jpg
1599,3,2.5,1,15_24.jpg
1493,3,2,1,15_25.jpg
2016,3,2.5,1,15_26.jpg
1576,3,2,2,15_27.jpg
2496,6,4,1,15_28.jpg
2290,3,2.5,1,15_29.jpg
1398,3,2,1,15_30.jpg
3340,4,4.5,1,16_1.jpg
2743,4,4.5,2,16_2.jpg
3458,4,4.5,3,16_3.jpg
3776,3,3.5,1,16_4.jpg
2352,4,3,1,16_5.jpg
3595,3,4.5,3,16_6.jpg
2400,4,3.5,1,16_7.jpg
2326,4,2.5,1,16_8.jpg
3127,4,3.5,1,16_9.jpg
2373,4,2.5,1,16_10.jpg
2390,4,3,1,16_11.jpg
3952,4,4,2,16_12.jpg
2686,4,2.5,1,16_13.jpg
3086,4,3.5,1,16_14.jpg
1897,4,2,1,16_15.jpg
3164,4,2.5,2,16_16.jpg
1880,4,2.5,1,16_17.jpg
2799,4,3,2,16_18.jpg
3507,4,3,1,16_19.jpg
2578,4,3,1,16_20.jpg
1992,4,2,1,16_21.jpg
1732,4,2.5,1,16_22.jpg
3599,4,4.5,1,16_23.jpg
1345,4,2,2,16_24.jpg
2063,4,2.5,1,16_25.jpg
2232,4,2.5,1,16_26.jpg
3076,4,3.5,1,16_27.jpg
3048,4,4,1,16_28.jpg
3366,4,3.5,1,16_29.jpg
2716,4,3,1,16_30.jpg
2496,6,4,1,17_1.jpg
1005,2,1.5,2,17_2.jpg
900,3,2.5,2,17_3.jpg
4665,5,4.5,1,17_4.jpg
2554,3,2.5,2,17_5.jpg
2196,4,4,1,17_6.jpg
1421,3,2.5,2,17_7.jpg
1994,4,4,1,17_8.jpg
2713,4,3,2,17_9.jpg
1200,3,1.5,2,17_10.jpg
2852,3,2,2,17_11.jpg
3056,3,2.5,2,17_12.jpg
1934,2,2,1,17_13.jpg
2800,3,2,2,17_14.jpg
2762,4,4,1,17_15.jpg
2432,2,2,1,17_16.jpg
3070,6,5,2,17_17.jpg
3286,3,2.5,2,17_18.jpg
3286,3,2.5,2,17_19.jpg
1106,3,1.5,2,17_20.jpg
1703,3,2.5,2,17_21.jpg
3866,3,2,2,17_22.jpg
3067,3,2.5,2,17_23.jpg
1741,3,2,1,17_24.jpg
2724,3,2.5,2,17_25.jpg
1768,2,1,1,17_26.jpg
1710,2,1,1,17_27.jpg
2384,3,3.5,2,17_28.jpg
1346,3,2.5,2,17_29.jpg
3038,6,4.5,2,17_30.jpg
1219,0,1,2,18_1.jpg
784,1,1,1,18_2.jpg
612,1,1,1,18_3.jpg
1509,3,2,2,18_4.jpg
967,1,2,2,18_5.jpg
920,2,2,2,18_6.jpg
522,1,1,2,18_7.jpg
2915,2,2,2,18_8.jpg
880,1,2,2,18_9.jpg
632,1,1.5,2,18_10.jpg
421,1,1,1,18_11.jpg
1012,2,1,2,18_12.jpg
1032,2,1.5,2,18_13.jpg
640,1,1,2,18_14.jpg
460,1,1,1,18_15.jpg
624,1,1,2,18_16.jpg
672,1,1,2,18_17.jpg
1842,2,2,1,18_18.jpg
881,1,2,2,18_19.jpg
924,0,2,2,18_20.jpg
672,1,1.5,2,18_21.jpg
820,2,1,2,18_22.jpg
877,2,2,2,18_23.jpg
490,1,1,2,18_24.jpg
1552,0,0,2,18_25.jpg
909,1,1.5,2,18_26.jpg
10240,3,3,2,18_27.jpg
2236,1,1,2,18_28.jpg
1275,1,1,1,18_29.jpg
683,1,1,2,18_30.jpg
6901,5,6,2,19_1.jpg
5051,4,4.5,2,19_2.jpg
6182,5,5.5,2,19_3.jpg
4923,4,3.5,2,19_4.jpg
8364,6,6,3,19_5.jpg
6136,5,5.5,2,19_6.jpg
7395,6,7.5,2,19_7.jpg
8210,6,7.5,2,19_8.jpg
6330,7,5.5,2,19_9.jpg
11000,5,5,3,19_10.jpg
11672,6,7.5,3,19_11.jpg
9360,6,6.5,2,19_12.jpg
6860,4,5,2,19_13.jpg
8001,5,5.5,2,19_14.jpg
6679,6,5.5,2,19_15.jpg
5109,7,8.5,3,19_16.jpg
5293,5,4.5,2,19_17.jpg
4754,4,3.5,2,19_18.jpg
5884,5,5.5,1,19_19.jpg
6079,5,6,2,19_20.jpg
6792,5,6.5,3,19_21.jpg
6001,5,6.5,2,19_22.jpg
6554,4,4.5,1,19_23.jpg
5739,5,5.5,1,19_24.jpg
7466,5,5.5,2,19_25.jpg
5185,5,5.5,2,19_26.jpg
4750,4,4.5,2,19_27.jpg
5564,4,5.5,2,19_28.jpg
5108,12,12.5,2,19_29.jpg
5077,5,4,2,19_30.jpg
1498,3,2,1,20_1.jpg
1742,3,2.5,1,20_2.jpg
960,2,1,1,20_3.jpg
1769,3,2,1,20_4.jpg
1285,2,2,1,20_5.jpg
612,1,1,1,20_6.jpg
1817,3,2,1,20_7.jpg
1924,3,2.5,1,20_8.jpg
1421,3,2,1,20_9.jpg
1879,3,2,1,20_10.jpg
1486,3,2,1,20_11.jpg
928,2,2,1,20_12.jpg
988,2,2,1,20_13.jpg
988,2,2,1,20_14.jpg
1254,2,2,1,20_15.jpg
1448,2,2,1,20_16.jpg
981,2,2,1,20_17.jpg
1260,2,2,1,20_18.jpg
1611,3,2,1,20_19.jpg
926,2,2,1,20_20.jpg
1650,3,2.5,1,20_21.jpg
1599,3,2.5,1,20_22.jpg
1493,3,2,1,20_23.jpg
1576,3,2,2,20_24.jpg
1398,3,2,1,20_25.jpg
1232,2,2,1,20_26.jpg
768,1,1,1,20_27.jpg
924,2,1,1,20_28.jpg
1064,2,2,1,20_29.jpg
800,2,1,1,20_30.jpg
2405,3,2.5,1,21_1.jpg
2085,3,2.5,1,21_2.jpg
2220,3,2,1,21_3.jpg
960,2,1,1,21_4.jpg
3776,3,3.5,1,21_5.jpg
2352,4,3,1,21_6.jpg
2030,3,2,1,21_7.jpg
2400,4,3.5,1,21_8.jpg
1817,3,2,1,21_9.jpg
2326,4,2.5,1,21_10.jpg
1421,3,2,1,21_11.jpg
1879,3,2,1,21_12.jpg
928,2,2,1,21_13.jpg
988,2,2,1,21_14.jpg
1254,2,2,1,21_15.jpg
2428,3,2.5,1,21_16.jpg
981,2,2,1,21_17.jpg
1260,2,2,1,21_18.jpg
1611,3,2,1,21_19.jpg
926,2,2,1,21_20.jpg
1650,3,2.5,1,21_21.jpg
1599,3,2.5,1,21_22.jpg
2496,6,4,1,21_23.jpg
1232,2,2,1,21_24.jpg
924,2,1,1,21_25.jpg
1064,2,2,1,21_26.jpg
1459,3,2,1,21_27.jpg
1956,3,2.5,1,21_28.jpg
2230,3,2.5,1,21_29.jpg
1232,2,2,1,21_30.jpg
1105,2,2,1,22_1.jpg
3952,4,4,2,22_2.jpg
3374,3,3.5,2,22_3.jpg
2827,3,3,2,22_4.jpg
2765,3,2.5,2,22_5.jpg
3164,4,2.5,2,22_6.jpg
2526,3,2.5,2,22_7.jpg
1773,4,3.5,2,22_8.jpg
2250,3,2.5,2,22_9.jpg
1953,2,2.5,2,22_10.jpg
2311,3,2.5,2,22_11.jpg
2456,3,2.5,2,22_12.jpg
3088,4,3.5,2,22_13.jpg
3135,4,3.5,2,22_14.jpg
3976,4,4.5,2,22_15.jpg
2793,3,2.5,2,22_16.jpg
2577,4,2.5,2,22_17.jpg
1827,3,2.5,2,22_18.jpg
900,3,2.5,2,22_19.jpg
1619,3,2.5,2,22_20.jpg
2782,4,3,2,22_21.jpg
2925,4,3.5,2,22_22.jpg
3828,4,2.5,2,22_23.jpg
3882,5,2.5,2,22_24.jpg
3031,4,5,2,22_25.jpg
1878,4,2,2,22_26.jpg
6860,4,5,2,22_27.jpg
3584,4,2.5,2,22_28.jpg
4903,4,5,2,22_29.jpg
2655,4,3.5,2,22_30.jpg
430,1,1,1,23_1.jpg
960,2,1,1,23_2.jpg
928,2,2,1,23_3.jpg
988,2,2,1,23_4.jpg
988,2,2,1,23_5.jpg
981,2,2,1,23_6.jpg
926,2,2,1,23_7.jpg
924,2,1,1,23_8.jpg
525,1,1,2,23_9.jpg
1035,3,2,1,23_10.jpg
1258,3,2,1,23_11.jpg
995,2,2,1,23_12.jpg
856,2,1,1,23_13.jpg
624,1,1,1,23_14.jpg
736,2,1,1,23_15.jpg
872,1,1.5,1,23_16.jpg
896,2,1,1,23_17.jpg
732,1,1,1,23_18.jpg
395,1,1,1,23_19.jpg
967,1,2,2,23_20.jpg
522,1,1,2,23_21.jpg
900,3,2.5,2,23_22.jpg
793,2,1,1,23_23.jpg
300,1,1,1,23_24.jpg
650,1,1,2,23_25.jpg
896,2,1,1,23_26.jpg
834,1,1.5,2,23_27.jpg
640,1,1,1,23_28.jpg
782,2,1,1,23_29.jpg
375,1,1,1,23_30.jpg
1616,2,2,2,26_1.jpg
2220,3,2,1,26_2.jpg
960,2,1,1,26_3.jpg
1285,2,2,1,26_4.jpg
2030,3,2,1,26_5.jpg
1817,3,2,1,26_6.jpg
1924,3,2.5,1,26_7.jpg
928,2,2,1,26_8.jpg
988,2,2,1,26_9.jpg
988,2,2,1,26_10.jpg
1254,2,2,1,26_11.jpg
1448,2,2,1,26_12.jpg
981,2,2,1,26_13.jpg
1260,2,2,1,26_14.jpg
1611,3,2,1,26_15.jpg
1650,3,2.5,1,26_16.jpg
1599,3,2.5,1,26_17.jpg
1493,3,2,1,26_18.jpg
1232,2,2,1,26_19.jpg
768,1,1,1,26_20.jpg
1459,3,2,1,26_21.jpg
1956,3,2.5,1,26_22.jpg
1232,2,2,1,26_23.jpg
1416,3,2,1,26_24.jpg
1642,3,2.5,1,26_25.jpg
1035,3,2,1,26_26.jpg
1500,3,2,1,26_27.jpg
1979,3,2.5,1,26_28.jpg
1416,3,2,1,26_29.jpg
1425,3,2,1,26_30.jpg
2455,3,2,1,27_1.jpg
2085,3,2.5,1,27_2.jpg
1742,3,2.5,1,27_3.jpg
2486,3,2.5,1,27_4.jpg
2743,4,4.5,2,27_5.jpg
2588,3,2.5,1,27_6.jpg
5051,4,4.5,2,27_7.jpg
2220,3,2,1,27_8.jpg
1769,3,2,1,27_9.jpg
1285,2,2,1,27_10.jpg
2358,3,2.5,1,27_11.jpg
2765,3,2.5,2,27_12.jpg
2039,3,2,1,27_13.jpg
2400,3,3.5,1,27_14.jpg
2030,3,2,1,27_15.jpg
2303,3,2.5,1,27_16.jpg
2400,4,3.5,1,27_17.jpg
1817,3,2,1,27_18.jpg
1924,3,2.5,1,27_19.jpg
2326,4,2.5,1,27_20.jpg
1421,3,2,1,27_21.jpg
1879,3,2,1,27_22.jpg
1486,3,2,1,27_23.jpg
928,2,2,1,27_24.jpg
988,2,2,1,27_25.jpg
2373,4,2.5,1,27_26.jpg
2390,4,3,1,27_27.jpg
1254,2,2,1,27_28.jpg
1448,2,2,1,27_29.jpg
2428,3,2.5,1,27_30.jpg
2282,3,2.5,1,28_1.jpg
1769,3,2,1,28_2.jpg
3776,3,3.5,1,28_3.jpg
2039,3,2,1,28_4.jpg
2303,3,2.5,1,28_5.jpg
2400,4,3.5,1,28_6.jpg
1421,3,2,1,28_7.jpg
1879,3,2,1,28_8.jpg
928,2,2,1,28_9.jpg
2373,4,2.5,1,28_10.jpg
2686,4,2.5,1,28_11.jpg
3374,3,3.5,2,28_12.jpg
800,2,1,1,28_13.jpg
1300,3,2,1,28_14.jpg
2555,5,4,2,28_15.jpg
2168,3,2.5,1,28_16.jpg
1953,2,2.5,2,28_17.jpg
2557,3,2.5,1,28_18.jpg
2268,3,2,1,28_19.jpg
2091,3,2.5,1,28_20.jpg
1479,3,2,2,28_21.jpg
2589,4,2.5,1,28_22.jpg
2482,4,3.5,1,28_23.jpg
2720,3,2.5,2,28_24.jpg
4923,4,3.5,2,28_25.jpg
300,1,1,1,28_26.jpg
2481,4,3,2,28_27.jpg
2742,4,3.5,1,28_28.jpg
1374,3,2,2,28_29.jpg
3882,5,2.5,2,28_30.jpg
2483,4,3,2,30_1.jpg
800,2,1,1,30_2.jpg
1600,3,2,1,30_3.jpg
1872,3,2,1,30_4.jpg
860,2,2,1,30_5.jpg
2268,3,2,1,30_6.jpg
3334,4,3.5,2,30_7.jpg
891,2,2,1,30_8.jpg
287,1,1,1,30_9.jpg
399,1,1,1,30_10.jpg
1616,2,2,2,30_11.jpg
480,1,1,1,30_12.jpg
640,1,1,1,30_13.jpg
3742,4,4,2,30_14.jpg
704,1,1,1,30_15.jpg
4545,5,4,1,30_16.jpg
2386,4,3,1,30_17.jpg
1015,2,2,2,30_18.jpg
1356,3,2,1,30_19.jpg
869,2,1,1,30_20.jpg
1025,3,2,1,30_21.jpg
3219,3,3,2,30_22.jpg
1905,3,2,2,30_23.jpg
493,1,1,1,30_24.jpg
398,1,1,1,30_25.jpg
500,1,1,1,30_26.jpg
2953,4,3,1,30_27.jpg
2250,3,2.5,2,30_28.jpg
2010,3,2.5,1,30_29.jpg
1360,3,2.5,2,30_30.jpg
2589,4,2.5,1,31_1.jpg
2588,3,2.5,1,31_2.jpg
2220,3,2,1,31_3.jpg
2352,4,3,1,31_4.jpg
2030,3,2,1,31_5.jpg
2400,4,3.5,1,31_6.jpg
1924,3,2.5,1,31_7.jpg
2326,4,2.5,1,31_8.jpg
2390,4,3,1,31_9.jpg
1254,2,2,1,31_10.jpg
1611,3,2,1,31_11.jpg
1599,3,2.5,1,31_12.jpg
2686,4,2.5,1,31_13.jpg
2496,6,4,1,31_14.jpg
2290,3,2.5,1,31_15.jpg
3086,4,3.5,1,31_16.jpg
2230,3,2.5,1,31_17.jpg
1416,3,2,1,31_18.jpg
1706,3,2,1,31_19.jpg
1992,4,2,1,31_20.jpg
2063,4,2.5,1,31_21.jpg
3083,3,3.5,1,31_22.jpg
2250,3,2.5,2,31_23.jpg
1967,3,2.5,1,31_24.jpg
2000,4,3,1,31_25.jpg
1552,3,2,1,31_26.jpg
2456,3,2.5,2,31_27.jpg
2395,3,2.5,1,31_28.jpg
3088,4,3.5,2,31_29.jpg
1889,4,2,1,31_30.jpg
1636,3,2.5,1,32_1.jpg
1576,3,2,2,32_2.jpg
800,2,1,1,32_3.jpg
1105,2,2,1,32_4.jpg
3638,3,3.5,1,32_5.jpg
1731,3,2,1,32_6.jpg
860,2,2,1,32_7.jpg
2557,3,2.5,1,32_8.jpg
2448,4,3,1,32_9.jpg
640,1,1,1,32_10.jpg
2557,3,2.5,1,32_11.jpg
880,2,1,1,32_12.jpg
1508,2,2,1,32_13.jpg
1986,3,2,1,32_14.jpg
1705,1,1,1,32_15.jpg
3986,4,2.5,1,32_16.jpg
1356,3,2,1,32_17.jpg
3601,3,2.5,1,32_18.jpg
1941,4,1.5,1,32_19.jpg
1863,3,2,1,32_20.jpg
2641,3,2.5,2,32_21.jpg
2749,3,2.5,1,32_22.jpg
1491,3,2,1,32_23.jpg
1356,3,2,1,32_24.jpg
3586,3,3.5,1,32_25.jpg
2331,2,2,1,32_26.jpg
3392,3,3.5,1,32_27.jpg
4600,4,3.5,1,32_28.jpg
1508,2,2,1,32_29.jpg
899,1,1,1,32_30.jpg
1960,3,2.5,1,33_1.jpg
2085,3,2.5,1,33_2.jpg
2220,3,2,1,33_3.jpg
2352,4,3,1,33_4.jpg
2765,3,2.5,2,33_5.jpg
2039,3,2,1,33_6.jpg
2030,3,2,1,33_7.jpg
2400,4,3.5,1,33_8.jpg
1817,3,2,1,33_9.jpg
1924,3,2.5,1,33_10.jpg
2326,4,2.5,1,33_11.jpg
1879,3,2,1,33_12.jpg
928,2,2,1,33_13.jpg
988,2,2,1,33_14.jpg
988,2,2,1,33_15.jpg
2373,4,2.5,1,33_16.jpg
1254,2,2,1,33_17.jpg
2428,3,2.5,1,33_18.jpg
1698,3,2.5,1,33_19.jpg
981,2,2,1,33_20.jpg
2000,3,2.5,1,33_21.jpg
1260,2,2,1,33_22.jpg
1611,3,2,1,33_23.jpg
3952,4,4,2,33_24.jpg
926,2,2,1,33_25.jpg
1650,3,2.5,1,33_26.jpg
1599,3,2.5,1,33_27.jpg
2016,3,2.5,1,33_28.jpg
2686,4,2.5,1,33_29.jpg
2496,6,4,1,33_30.jpg
1460,3,2.5,2,34_1.jpg
2220,3,2,1,34_2.jpg
1285,2,2,1,34_3.jpg
2352,4,3,1,34_4.jpg
2030,3,2,1,34_5.jpg
988,2,2,1,34_6.jpg
981,2,2,1,34_7.jpg
2000,3,2.5,1,34_8.jpg
1260,2,2,1,34_9.jpg
1611,3,2,1,34_10.jpg
1200,2,2,1,34_11.jpg
1509,3,2,2,34_12.jpg
2496,6,4,1,34_13.jpg
1398,3,2,1,34_14.jpg
800,2,1,1,34_15.jpg
1416,3,2,1,34_16.jpg
1035,3,2,1,34_17.jpg
1500,3,2,1,34_18.jpg
1600,3,2,1,34_19.jpg
1416,3,2,1,34_20.jpg
1300,3,2,1,34_21.jpg
1425,3,2,1,34_22.jpg
1292,3,2,1,34_23.jpg
1200,3,2,1,34_24.jpg
1706,3,2,1,34_25.jpg
1311,3,2,1,34_26.jpg
624,1,1,1,34_27.jpg
1131,3,2,1,34_28.jpg
1257,2,2,1,34_29.jpg
860,2,2,1,34_30.jpg
1770,3,2.5,2,35_1.jpg
1742,3,2.5,1,35_2.jpg
2743,4,4.5,2,35_3.jpg
2588,3,2.5,1,35_4.jpg
2220,3,2,1,35_5.jpg
2510,3,2.5,1,35_6.jpg
2358,3,2.5,1,35_7.jpg
2352,4,3,1,35_8.jpg
2765,3,2.5,2,35_9.jpg
2039,3,2,1,35_10.jpg
2400,3,3.5,1,35_11.jpg
2030,3,2,1,35_12.jpg
1421,3,2,1,35_13.jpg
1879,3,2,1,35_14.jpg
1486,3,2,1,35_15.jpg
928,2,2,1,35_16.jpg
988,2,2,1,35_17.jpg
2373,4,2.5,1,35_18.jpg
2390,4,3,1,35_19.jpg
1254,2,2,1,35_20.jpg
1448,2,2,1,35_21.jpg
2428,3,2.5,1,35_22.jpg
1698,3,2.5,1,35_23.jpg
1611,3,2,1,35_24.jpg
3952,4,4,2,35_25.jpg
1509,3,2,2,35_26.jpg
1599,3,2.5,1,35_27.jpg
1493,3,2,1,35_28.jpg
2016,3,2.5,1,35_29.jpg
2686,4,2.5,1,35_30.jpg
2510,4,3,2,36_1.jpg
2085,3,2.5,1,36_2.jpg
1742,3,2.5,1,36_3.jpg
2743,4,4.5,2,36_4.jpg
2400,4,3.5,1,36_5.jpg
1260,2,2,1,36_6.jpg
3952,4,4,2,36_7.jpg
1200,2,2,1,36_8.jpg
2290,3,2.5,1,36_9.jpg
1514,3,2,1,36_10.jpg
2232,4,2.5,1,36_11.jpg
2250,3,2.5,2,36_12.jpg
3076,4,3.5,1,36_13.jpg
2180,4,3,1,36_14.jpg
2395,3,2.5,1,36_15.jpg
1479,3,2,2,36_16.jpg
1999,3,3.5,2,36_17.jpg
2216,3,2.5,1,36_18.jpg
2039,4,3,1,36_19.jpg
2782,4,3,2,36_20.jpg
896,2,1,1,36_21.jpg
1374,3,2,2,36_22.jpg
1011,2,2,2,36_23.jpg
2662,3,3,2,36_24.jpg
1011,2,2,2,36_25.jpg
2010,3,2.5,1,36_26.jpg
4159,4,4.5,2,36_27.jpg
1162,2,2,1,36_28.jpg
4601,3,3.5,2,36_29.jpg
1451,3,2,1,36_30.jpg
3507,4,3,1,39_1.jpg
1769,3,2,1,39_2.jpg
2400,4,3.5,1,39_3.jpg
3952,4,4,2,39_4.jpg
3164,4,2.5,2,39_5.jpg
1300,3,2,1,39_6.jpg
2526,3,2.5,2,39_7.jpg
2555,5,4,2,39_8.jpg
2063,4,2.5,1,39_9.jpg
624,1,1,1,39_10.jpg
3088,4,3.5,2,39_11.jpg
1735,3,2.5,1,39_12.jpg
2077,3,2,1,39_13.jpg
900,2,1,1,39_14.jpg
1185,2,2,1,39_15.jpg
1848,3,2,1,39_16.jpg
287,1,1,1,39_17.jpg
598,1,1,1,39_18.jpg
1740,3,2,1,39_19.jpg
2296,3,3,2,39_20.jpg
1061,2,2,1,39_21.jpg
5564,4,5.5,2,39_22.jpg
3889,7,5,2,39_23.jpg
1398,3,2,1,39_24.jpg
4910,5,5.5,2,39_25.jpg
1628,3,2,1,39_26.jpg
930,2,2,1,39_27.jpg
1986,3,2,1,39_28.jpg
676,1,1,1,39_29.jpg
1191,2,2,1,39_30.jpg
5884,5,5.5,1,40_1.jpg
3776,3,3.5,1,40_2.jpg
1924,3,2.5,1,40_3.jpg
1599,3,2.5,1,40_4.jpg
3374,3,3.5,2,40_5.jpg
800,2,1,1,40_6.jpg
2230,3,2.5,1,40_7.jpg
2555,5,4,2,40_8.jpg
1731,3,2,1,40_9.jpg
860,2,2,1,40_10.jpg
1450,3,2,1,40_11.jpg
2168,3,2.5,1,40_12.jpg
2557,3,2.5,1,40_13.jpg
2268,3,2,1,40_14.jpg
2091,3,2.5,1,40_15.jpg
395,1,1,1,40_16.jpg
920,2,2,2,40_17.jpg
2482,4,3.5,1,40_18.jpg
2720,3,2.5,2,40_19.jpg
2448,4,3,1,40_20.jpg
300,1,1,1,40_21.jpg
900,2,1,1,40_22.jpg
3882,5,2.5,2,40_23.jpg
1749,3,2,1,40_24.jpg
891,2,2,1,40_25.jpg
3584,4,2.5,2,40_26.jpg
287,1,1,1,40_27.jpg
4903,4,5,2,40_28.jpg
1412,3,2,1,40_29.jpg
1616,2,2,2,40_30.jpg
1617,3,2,1,41_1.jpg
4903,4,5,2,41_2.jpg
2566,4,3,2,41_3.jpg
1824,3,2.5,2,41_4.jpg
1492,3,2,1,41_5.jpg
1080,3,2,1,41_6.jpg
448,1,1,1,41_7.jpg
1604,3,2.5,2,41_8.jpg
2076,3,2.5,2,41_9.jpg
1962,3,2.5,2,41_10.jpg
1599,3,2.5,2,41_11.jpg
784,1,1,1,41_12.jpg
1655,3,2,2,41_13.jpg
1646,3,2.5,2,41_14.jpg
2182,3,2.5,2,41_15.jpg
2834,4,3.5,2,41_16.jpg
3222,5,4,1,41_17.jpg
2193,1,1,2,41_18.jpg
2264,3,2.5,1,41_19.jpg
2152,3,2.5,3,41_20.jpg
1997,4,2.5,1,41_21.jpg
1787,3,2,1,41_22.jpg
1446,4,2,1,41_23.jpg
2855,4,3,2,41_24.jpg
1814,3,1.5,2,41_25.jpg
1787,3,2.5,2,41_26.jpg
3277,5,4,2,41_27.jpg
3435,4,3.5,2,41_28.jpg
4469,4,3.5,2,41_29.jpg
2026,3,3,2,41_30.jpg
3123,3,3.5,3,42_1.jpg
2400,4,3.5,1,42_2.jpg
3952,4,4,2,42_3.jpg
3164,4,2.5,2,42_4.jpg
3638,3,3.5,1,42_5.jpg
2526,3,2.5,2,42_6.jpg
3507,4,3,1,42_7.jpg
2555,5,4,2,42_8.jpg
1800,3,2.5,1,42_9.jpg
1872,3,2,1,42_10.jpg
624,1,1,1,42_11.jpg
3088,4,3.5,2,42_12.jpg
1479,3,2,2,42_13.jpg
1727,2,2,2,42_14.jpg
4923,4,3.5,2,42_15.jpg
6136,5,5.5,2,42_16.jpg
3882,5,2.5,2,42_17.jpg
1185,2,2,1,42_18.jpg
3031,4,5,2,42_19.jpg
11672,6,7.5,3,42_20.jpg
2684,3,3,1,42_21.jpg
2444,3,2.5,1,42_22.jpg
3507,3,4,2,42_23.jpg
1061,2,2,1,42_24.jpg
1697,3,2,1,42_25.jpg
7466,5,5.5,2,42_26.jpg
2543,4,3,2,42_27.jpg
2483,4,3,2,42_28.jpg
5564,4,5.5,2,42_29.jpg
2493,4,4.5,2,42_30.jpg
2400,4,3.5,1,43_1.jpg
1879,3,2,1,43_2.jpg
3952,4,4,2,43_3.jpg
3164,4,2.5,2,43_4.jpg
2526,3,2.5,2,43_5.jpg
3507,4,3,1,43_6.jpg
624,1,1,1,43_7.jpg
2168,3,2.5,1,43_8.jpg
2091,3,2.5,1,43_9.jpg
3088,4,3.5,2,43_10.jpg
1727,2,2,2,43_11.jpg
2720,3,2.5,2,43_12.jpg
3122,3,3.5,1,43_13.jpg
1428,3,2,1,43_14.jpg
1185,2,2,1,43_15.jpg
1749,3,2,1,43_16.jpg
1740,3,2,1,43_17.jpg
2296,3,3,2,43_18.jpg
999,2,2,1,43_19.jpg
2556,4,3,2,43_20.jpg
1061,2,2,1,43_21.jpg
3009,4,4,2,43_22.jpg
5077,5,4,2,43_23.jpg
1398,3,2,1,43_24.jpg
4910,5,5.5,2,43_25.jpg
3493,4,3.5,2,43_26.jpg
2847,3,3,1,43_27.jpg
1191,2,2,1,43_28.jpg
2258,3,2.5,2,43_29.jpg
2551,4,3.5,2,43_30.jpg
2458,3,2.5,2,44_1.jpg
5051,4,4.5,2,44_2.jpg
2400,4,3.5,1,44_3.jpg
3952,4,4,2,44_4.jpg
3374,3,3.5,2,44_5.jpg
3164,4,2.5,2,44_6.jpg
2526,3,2.5,2,44_7.jpg
3507,4,3,1,44_8.jpg
624,1,1,1,44_9.jpg
2180,4,3,1,44_10.jpg
1738,3,2.5,2,44_11.jpg
3088,4,3.5,2,44_12.jpg
1966,4,3,2,44_13.jpg
2742,4,3.5,1,44_14.jpg
1185,2,2,1,44_15.jpg
2920,3,2.5,1,44_16.jpg
1740,3,2,1,44_17.jpg
2556,4,3,2,44_18.jpg
1061,2,2,1,44_19.jpg
1697,3,2,1,44_20.jpg
2926,4,3.5,1,44_21.jpg
5564,4,5.5,2,44_22.jpg
3360,5,4,1,44_23.jpg
1398,3,2,1,44_24.jpg
4910,5,5.5,2,44_25.jpg
10735,5,6,2,44_26.jpg
1628,3,2,1,44_27.jpg
1963,3,2.5,2,44_28.jpg
1191,2,2,1,44_29.jpg
2468,3,2.5,1,44_30.jpg
3952,4,4,2,45_1.jpg
2400,4,3.5,1,45_2.jpg
3164,4,2.5,2,45_3.jpg
1764,4,2,1,45_4.jpg
2526,3,2.5,2,45_5.jpg
3507,4,3,1,45_6.jpg
624,1,1,1,45_7.jpg
3048,4,4,1,45_8.jpg
3088,4,3.5,2,45_9.jpg
1479,3,2,2,45_10.jpg
1727,2,2,2,45_11.jpg
1486,3,2,1,45_12.jpg
1966,4,3,2,45_13.jpg
1428,3,2,1,45_14.jpg
1827,3,2.5,2,45_15.jpg
2481,4,3,2,45_16.jpg
2742,4,3.5,1,45_17.jpg
3882,5,2.5,2,45_18.jpg
1185,2,2,1,45_19.jpg
2920,3,2.5,1,45_20.jpg
1740,3,2,1,45_21.jpg
800,2,1,1,45_22.jpg
1061,2,2,1,45_23.jpg
2926,4,3.5,1,45_24.jpg
5077,5,4,2,45_25.jpg
1398,3,2,1,45_26.jpg
4910,5,5.5,2,45_27.jpg
1963,3,2.5,2,45_28.jpg
1898,3,2,1,45_29.jpg
2097,4,3,1,45_30.jpg
2961,4,3.5,2,47_1.jpg
2085,3,2.5,1,47_2.jpg
1742,3,2.5,1,47_3.jpg
2486,3,2.5,1,47_4.jpg
1769,3,2,1,47_5.jpg
3776,3,3.5,1,47_6.jpg
2765,3,2.5,2,47_7.jpg
2039,3,2,1,47_8.jpg
2400,4,3.5,1,47_9.jpg
1817,3,2,1,47_10.jpg
1924,3,2.5,1,47_11.jpg
2326,4,2.5,1,47_12.jpg
1421,3,2,1,47_13.jpg
1879,3,2,1,47_14.jpg
1486,3,2,1,47_15.jpg
1254,2,2,1,47_16.jpg
1448,2,2,1,47_17.jpg
2428,3,2.5,1,47_18.jpg
3952,4,4,2,47_19.jpg
1650,3,2.5,1,47_20.jpg
1599,3,2.5,1,47_21.jpg
1493,3,2,1,47_22.jpg
2686,4,2.5,1,47_23.jpg
3374,3,3.5,2,47_24.jpg
800,2,1,1,47_25.jpg
1956,3,2.5,1,47_26.jpg
2230,3,2.5,1,47_27.jpg
1500,3,2,1,47_28.jpg
3164,4,2.5,2,47_29.jpg
3638,3,3.5,1,47_30.jpg
1740,3,2,1,48_1.jpg
800,2,1,1,48_2.jpg
2557,3,2.5,1,48_3.jpg
2091,3,2.5,1,48_4.jpg
2720,3,2.5,2,48_5.jpg
1428,3,2,1,48_6.jpg
2742,4,3.5,1,48_7.jpg
1749,3,2,1,48_8.jpg
1412,3,2,1,48_9.jpg
600,1,1,1,48_10.jpg
2518,4,3,2,48_11.jpg
5884,5,5.5,1,48_12.jpg
2352,4,2.5,1,48_13.jpg
2556,4,3,2,48_14.jpg
800,2,1,1,48_15.jpg
2282,3,2.5,1,48_16.jpg
3754,3,2.5,2,48_17.jpg
4750,4,4.5,2,48_18.jpg
3493,4,3.5,2,48_19.jpg
2847,3,3,1,48_20.jpg
2414,3,3,2,48_21.jpg
869,2,1,1,48_22.jpg
3738,4,4.5,2,48_23.jpg
3878,4,5.5,2,48_24.jpg
2267,3,3,2,48_25.jpg
2557,3,3.5,2,48_26.jpg
1924,3,2,1,48_27.jpg
3187,4,3.5,2,48_28.jpg
1687,3,2.5,2,48_29.jpg
2158,4,2.5,2,48_30.jpg
3041,3,2.5,2,51_1.jpg
784,1,1,1,51_2.jpg
2486,3,2.5,1,51_3.jpg
2220,3,2,1,51_4.jpg
3776,3,3.5,1,51_5.jpg
2765,3,2.5,2,51_6.jpg
2039,3,2,1,51_7.jpg
2400,3,3.5,1,51_8.jpg
2030,3,2,1,51_9.jpg
612,1,1,1,51_10.jpg
1800,3,2,1,51_11.jpg
2000,3,2.5,1,51_12.jpg
2235,4,3,2,51_13.jpg
1260,2,2,1,51_14.jpg
2016,3,2.5,1,51_15.jpg
3374,3,3.5,2,51_16.jpg
2084,3,2.5,2,51_17.jpg
924,2,1,1,51_18.jpg
525,1,1,2,51_19.jpg
2765,3,2.5,2,51_20.jpg
3399,3,3,2,51_21.jpg
1800,3,3,1,51_22.jpg
1596,3,2,1,51_23.jpg
1639,3,2,1,51_24.jpg
2693,3,2.5,2,51_25.jpg
2250,3,2.5,2,51_26.jpg
2168,3,2.5,1,51_27.jpg
2311,3,2.5,2,51_28.jpg
896,2,1,1,51_29.jpg
2000,4,3,1,51_30.jpg
2894,4,3.5,3,52_1.jpg
3595,3,4.5,3,52_2.jpg
1105,2,2,1,52_3.jpg
3105,4,3,2,52_4.jpg
856,2,1,1,52_5.jpg
2810,4,3,4,52_6.jpg
6182,5,5.5,2,52_7.jpg
1024,1,1.5,1,52_8.jpg
1011,2,2,2,52_9.jpg
1011,2,2,2,52_10.jpg
4159,4,4.5,2,52_11.jpg
896,1,1.5,1,52_12.jpg
576,1,1,1,52_13.jpg
935,2,1,1,52_14.jpg
1267,2,2,2,52_15.jpg
991,2,2,1,52_16.jpg
3310,4,3.5,2,52_17.jpg
1697,3,2,1,52_18.jpg
799,1,1.5,1,52_19.jpg
1410,3,2,2,52_20.jpg
2543,4,3,2,52_21.jpg
2483,4,3,2,52_22.jpg
2493,4,4.5,2,52_23.jpg
2184,3,2,2,52_24.jpg
954,2,1,1,52_25.jpg
2386,4,3,1,52_26.jpg
816,1,1,1,52_27.jpg
1249,3,2,2,52_28.jpg
796,1,1,1,52_29.jpg
1697,3,2,2,52_30.jpg
1879,3,2,1,53_1.jpg
1642,3,2.5,1,53_2.jpg
1200,3,2,1,53_3.jpg
624,1,1,1,53_4.jpg
2234,3,2.5,1,53_5.jpg
1473,3,2,1,53_6.jpg
1788,3,2,1,53_7.jpg
2073,3,2.5,1,53_8.jpg
1374,3,2,2,53_9.jpg
1024,1,1.5,1,53_10.jpg
1749,3,2,1,53_11.jpg
2988,4,3,2,53_12.jpg
1914,3,2,1,53_13.jpg
691,2,1,1,53_14.jpg
1451,3,2,1,53_15.jpg
1428,3,2,1,53_16.jpg
2296,3,3,2,53_17.jpg
999,2,2,1,53_18.jpg
3797,4,3.5,2,53_19.jpg
1697,3,2,1,53_20.jpg
788,1,1,1,53_21.jpg
3742,4,4,2,53_22.jpg
1440,2,2,1,53_23.jpg
1947,4,2.5,1,53_24.jpg
680,1,1,2,53_25.jpg
1657,3,2,1,53_26.jpg
1628,3,2,1,53_27.jpg
2590,3,3,2,53_28.jpg
640,1,1,2,53_29.jpg
930,2,2,1,53_30.jpg
1230,3,2,1,54_1.jpg
1679,2,2,1,54_2.jpg
1200,2,2,1,54_3.jpg
768,1,1,1,54_4.jpg
624,1,1,1,54_5.jpg
384,1,1,1,54_6.jpg
2234,3,2.5,1,54_7.jpg
2268,3,2,1,54_8.jpg
1479,3,2,2,54_9.jpg
1727,2,2,2,54_10.jpg
1770,3,2.5,2,54_11.jpg
522,1,1,2,54_12.jpg
1277,3,2,1,54_13.jpg
1966,4,3,2,54_14.jpg
1143,2,1,1,54_15.jpg
900,2,1,1,54_16.jpg
1599,2,2,2,54_17.jpg
1374,3,2,2,54_18.jpg
640,1,1,1,54_19.jpg
761,2,1,2,54_20.jpg
1011,2,2,2,54_21.jpg
2662,3,3,2,54_22.jpg
1011,2,2,2,54_23.jpg
1400,2,2,2,54_24.jpg
896,1,1.5,1,54_25.jpg
600,1,1,1,54_26.jpg
935,2,1,1,54_27.jpg
1162,2,2,1,54_28.jpg
598,1,1,1,54_29.jpg
480,2,1,1,54_30.jpg
9360,6,6.5,2,55_1.jpg
2191,3,2.5,1,55_2.jpg
8210,6,7.5,2,55_3.jpg
5564,4,5.5,2,55_4.jpg
10735,5,6,2,55_5.jpg
2523,4,3,2,55_6.jpg
5699,5,7,2,55_7.jpg
2502,4,3.5,2,55_8.jpg
2551,4,3.5,2,55_9.jpg
3265,4,3.5,3,55_10.jpg
1640,3,2,1,55_11.jpg
4327,4,3.5,2,55_12.jpg
3136,4,3.5,1,55_13.jpg
1895,4,2.5,2,55_14.jpg
768,2,1,1,55_15.jpg
2898,4,3,2,55_16.jpg
1990,3,2,1,55_17.jpg
643,1,2,2,55_18.jpg
4417,4,4.5,2,55_19.jpg
4969,3,3.5,2,55_20.jpg
3618,4,4,2,55_21.jpg
1172,2,2,1,55_22.jpg
3270,4,3.5,2,55_23.jpg
1649,3,2.5,1,55_24.jpg
2099,5,2.5,2,55_25.jpg
2141,4,2.5,2,55_26.jpg
2379,3,2.5,1,55_27.jpg
1320,3,2,1,55_28.jpg
1486,3,2.5,2,55_29.jpg
3869,4,3.5,2,55_30.jpg
2510,3,2.5,1,56_1.jpg
4298,4,4.5,2,56_2.jpg
741,1,1,2,56_3.jpg
11000,5,5,3,56_4.jpg
9360,6,6.5,2,56_5.jpg
3206,6,3,2,56_6.jpg
4903,4,5,2,56_7.jpg
880,1,2,2,56_8.jpg
5739,5,5.5,1,56_9.jpg
2631,4,3,2,56_10.jpg
5564,4,5.5,2,56_11.jpg
2566,4,3,2,56_12.jpg
4724,5,4.5,2,56_13.jpg
1872,3,3,2,56_14.jpg
10735,5,6,2,56_15.jpg
4943,4,4.5,2,56_16.jpg
2400,3,2.5,2,56_17.jpg
3414,3,3.5,2,56_18.jpg
2148,4,2.5,2,56_19.jpg
3359,4,3.5,2,56_20.jpg
2557,3,3.5,2,56_21.jpg
3664,4,4,2,56_22.jpg
1640,3,2,1,56_23.jpg
1476,3,2,1,56_24.jpg
2400,4,3.5,2,56_25.jpg
1775,3,2.5,2,56_26.jpg
909,1,1.5,2,56_27.jpg
1730,4,2.5,2,56_28.jpg
1385,3,2,1,56_29.jpg
2825,4,3.5,2,56_30.jpg
3345,3,3.5,2,57_1.jpg
3458,4,4.5,3,57_2.jpg
3776,3,3.5,1,57_3.jpg
1679,2,2,1,57_4.jpg
3595,3,4.5,3,57_5.jpg
2235,3,2.5,1,57_6.jpg
1200,2,2,1,57_7.jpg
1509,3,2,2,57_8.jpg
926,2,2,1,57_9.jpg
1576,3,2,2,57_10.jpg
3374,3,3.5,2,57_11.jpg
2287,3,3,2,57_12.jpg
1105,2,2,1,57_13.jpg
2827,3,3,2,57_14.jpg
3164,4,2.5,2,57_15.jpg
3638,3,3.5,1,57_16.jpg
3105,4,3,2,57_17.jpg
1212,2,1,1,57_18.jpg
3224,6,4.5,2,57_19.jpg
2358,3,2.5,1,57_20.jpg
1913,3,2,1,57_21.jpg
1731,3,2,1,57_22.jpg
1131,3,2,1,57_23.jpg
1639,3,2,1,57_24.jpg
3083,3,3.5,1,57_25.jpg
2250,3,2.5,2,57_26.jpg
985,2,2,2,57_27.jpg
2268,3,2,1,57_28.jpg
1552,3,2,1,57_29.jpg
1373,3,2,1,57_30.jpg
1616,2,2,2,58_1.jpg
1742,3,2.5,1,58_2.jpg
2743,4,4.5,2,58_3.jpg
2510,3,2.5,1,58_4.jpg
1285,2,2,1,58_5.jpg
1486,3,2,1,58_6.jpg
928,2,2,1,58_7.jpg
988,2,2,1,58_8.jpg
1254,2,2,1,58_9.jpg
926,2,2,1,58_10.jpg
2016,3,2.5,1,58_11.jpg
800,2,1,1,58_12.jpg
1500,3,2,1,58_13.jpg
1300,3,2,1,58_14.jpg
1425,3,2,1,58_15.jpg
1764,4,2,1,58_16.jpg
1212,2,1,1,58_17.jpg
618,1,1,2,58_18.jpg
4658,6,4.5,2,58_19.jpg
2526,3,2.5,2,58_20.jpg
1200,3,2,1,58_21.jpg
1732,4,2.5,1,58_22.jpg
856,2,1,1,58_23.jpg
624,1,1,1,58_24.jpg
1257,2,2,1,58_25.jpg
736,2,1,1,58_26.jpg
872,1,1.5,1,58_27.jpg
1450,3,2,1,58_28.jpg
1302,3,2,2,58_29.jpg
1738,3,2.5,2,58_30.jpg
1908,3,2.5,2,59_1.jpg
784,1,1,1,59_2.jpg
2085,3,2.5,1,59_3.jpg
1742,3,2.5,1,59_4.jpg
2486,3,2.5,1,59_5.jpg
2743,4,4.5,2,59_6.jpg
2220,3,2,1,59_7.jpg
1769,3,2,1,59_8.jpg
3776,3,3.5,1,59_9.jpg
2358,3,2.5,1,59_10.jpg
2765,3,2.5,2,59_11.jpg
2400,3,3.5,1,59_12.jpg
1679,2,2,1,59_13.jpg
612,1,1,1,59_14.jpg
2400,4,3.5,1,59_15.jpg
1924,3,2.5,1,59_16.jpg
2326,4,2.5,1,59_17.jpg
3127,4,3.5,1,59_18.jpg
1843,4,2,1,59_19.jpg
988,2,2,1,59_20.jpg
1800,3,2,1,59_21.jpg
2390,4,3,1,59_22.jpg
1254,2,2,1,59_23.jpg
1448,2,2,1,59_24.jpg
2428,3,2.5,1,59_25.jpg
981,2,2,1,59_26.jpg
2000,3,2.5,1,59_27.jpg
2235,4,3,2,59_28.jpg
1260,2,2,1,59_29.jpg
1611,3,2,1,59_30.jpg
3458,4,4.5,3,60_1.jpg
960,2,1,1,60_2.jpg
1769,3,2,1,60_3.jpg
2358,3,2.5,1,60_4.jpg
2765,3,2.5,2,60_5.jpg
2039,3,2,1,60_6.jpg
2030,3,2,1,60_7.jpg
2303,3,2.5,1,60_8.jpg
2400,4,3.5,1,60_9.jpg
1817,3,2,1,60_10.jpg
1843,4,2,1,60_11.jpg
1421,3,2,1,60_12.jpg
1879,3,2,1,60_13.jpg
928,2,2,1,60_14.jpg
988,2,2,1,60_15.jpg
988,2,2,1,60_16.jpg
1254,2,2,1,60_17.jpg
2428,3,2.5,1,60_18.jpg
1698,3,2.5,1,60_19.jpg
981,2,2,1,60_20.jpg
2016,3,2.5,1,60_21.jpg
1232,2,2,1,60_22.jpg
1956,3,2.5,1,60_23.jpg
2030,3,2,1,60_24.jpg
2230,3,2.5,1,60_25.jpg
1897,4,2,1,60_26.jpg
1232,2,2,1,60_27.jpg
1258,3,2,1,60_28.jpg
2765,3,2.5,2,60_29.jpg
1425,3,2,1,60_30.jpg
3359,3,4,2,61_1.jpg
5051,4,4.5,2,61_2.jpg
1285,2,2,1,61_3.jpg
3595,3,4.5,3,61_4.jpg
3127,4,3.5,1,61_5.jpg
2373,4,2.5,1,61_6.jpg
2578,4,3,1,61_7.jpg
1884,3,2,1,61_8.jpg
1800,3,2.5,1,61_9.jpg
1356,3,2.5,2,61_10.jpg
3692,5,5,2,61_11.jpg
3647,3,3.5,2,61_12.jpg
3214,3,3.5,1,61_13.jpg
3048,4,4,1,61_14.jpg
2789,4,3.5,1,61_15.jpg
3122,3,3.5,1,61_16.jpg
3340,4,4.5,1,61_17.jpg
1798,4,2,1,61_18.jpg
3176,4,3.5,1,61_19.jpg
300,1,1,1,61_20.jpg
11672,6,7.5,3,61_21.jpg
6860,4,5,2,61_22.jpg
2469,4,3,2,61_23.jpg
4754,4,3.5,2,61_24.jpg
1162,2,2,1,61_25.jpg
6554,4,4.5,1,61_26.jpg
3310,4,3.5,2,61_27.jpg
3487,4,2.5,2,61_28.jpg
3704,4,4.5,1,61_29.jpg
5739,5,5.5,1,61_30.jpg
2578,4,3.5,1,62_1.jpg
784,1,1,1,62_2.jpg
2085,3,2.5,1,62_3.jpg
1742,3,2.5,1,62_4.jpg
2486,3,2.5,1,62_5.jpg
2743,4,4.5,2,62_6.jpg
2588,3,2.5,1,62_7.jpg
2220,3,2,1,62_8.jpg
2510,3,2.5,1,62_9.jpg
960,2,1,1,62_10.jpg
2358,3,2.5,1,62_11.jpg
2352,4,3,1,62_12.jpg
2765,3,2.5,2,62_13.jpg
2039,3,2,1,62_14.jpg
2400,3,3.5,1,62_15.jpg
2030,3,2,1,62_16.jpg
2303,3,2.5,1,62_17.jpg
612,1,1,1,62_18.jpg
2400,4,3.5,1,62_19.jpg
1817,3,2,1,62_20.jpg
1924,3,2.5,1,62_21.jpg
2326,4,2.5,1,62_22.jpg
3127,4,3.5,1,62_23.jpg
1843,4,2,1,62_24.jpg
1486,3,2,1,62_25.jpg
928,2,2,1,62_26.jpg
988,2,2,1,62_27.jpg
988,2,2,1,62_28.jpg
1800,3,2,1,62_29.jpg
2373,4,2.5,1,62_30.jpg
2328,3,2,2,63_1.jpg
1285,2,2,3,63_2.jpg
950,1,1,2,63_3.jpg
5140,5,4.5,2,63_4.jpg
1338,2,2,2,63_5.jpg
360,1,1,1,63_6.jpg
3725,6,3,2,63_7.jpg
1509,2,2,2,63_8.jpg
4310,5,5,2,63_9.jpg
3670,6,5,2,63_10.jpg
4565,4,3.5,2,63_11.jpg
3725,4,3,2,63_12.jpg
2513,3,2.5,2,63_13.jpg
2281,3,2.5,2,63_14.jpg
1390,2,2,1,63_15.jpg
1568,2,2.5,2,63_16.jpg
1362,2,2,2,63_17.jpg
1427,2,2,2,63_18.jpg
3867,5,4,3,63_19.jpg
1601,3,2,2,63_20.jpg
2319,3,2.5,2,63_21.jpg
1512,3,2,1,63_22.jpg
2688,3,4,1,63_23.jpg
2053,2,2,2,63_24.jpg
1785,3,3,2,63_25.jpg
1040,1,1,2,63_26.jpg
2576,2,2,2,63_27.jpg
2057,3,3,2,63_28.jpg
1469,1,1,2,63_29.jpg
1485,3,3,2,63_30.jpg
4923,4,3.5,2,64_1.jpg
2191,3,2.5,1,64_2.jpg
3599,4,4.5,1,64_3.jpg
8364,6,6,3,64_4.jpg
6136,5,5.5,2,64_5.jpg
7395,6,7.5,2,64_6.jpg
3031,4,5,2,64_7.jpg
11672,6,7.5,3,64_8.jpg
6860,4,5,2,64_9.jpg
8001,5,5.5,2,64_10.jpg
2684,3,3,1,64_11.jpg
6079,5,6,2,64_12.jpg
6001,5,6.5,2,64_13.jpg
6554,4,4.5,1,64_14.jpg
4030,4,4.5,1,64_15.jpg
4428,5,5,2,64_16.jpg
4403,4,4.5,1,64_17.jpg
4167,4,5.5,2,64_18.jpg
2504,3,3,1,64_19.jpg
1920,4,2,1,64_20.jpg
2034,3,2,1,64_21.jpg
6045,5,5.5,2,64_22.jpg
3601,3,2.5,1,64_23.jpg
3718,4,5,1,64_24.jpg
5653,5,5.2,2,64_25.jpg
4730,4,4.5,2,64_26.jpg
3163,4,3.5,1,64_27.jpg
3585,5,4,2,64_28.jpg
3790,4,4.5,1,64_29.jpg
1920,4,2,1,64_30.jpg
4356,4,4.5,2,65_1.jpg
3458,4,4.5,3,65_2.jpg
1679,2,2,1,65_3.jpg
3595,3,4.5,3,65_4.jpg
2373,4,2.5,1,65_5.jpg
2235,3,2.5,1,65_6.jpg
1200,2,2,1,65_7.jpg
1509,3,2,2,65_8.jpg
926,2,2,1,65_9.jpg
1576,3,2,2,65_10.jpg
3374,3,3.5,2,65_11.jpg
800,2,1,1,65_12.jpg
2287,3,3,2,65_13.jpg
1105,2,2,1,65_14.jpg
1642,3,2.5,1,65_15.jpg
3638,3,3.5,1,65_16.jpg
1979,3,2.5,1,65_17.jpg
3105,4,3,2,65_18.jpg
618,1,1,2,65_19.jpg
1600,3,2,1,65_20.jpg
3224,6,4.5,2,65_21.jpg
1872,3,2,1,65_22.jpg
1913,3,2,1,65_23.jpg
1731,3,2,1,65_24.jpg
1131,3,2,1,65_25.jpg
860,2,2,1,65_26.jpg
3083,3,3.5,1,65_27.jpg
1953,2,2.5,2,65_28.jpg
985,2,2,2,65_29.jpg
2557,3,2.5,1,65_30.jpg
1922,3,2,1,66_1.jpg
1432,2,2,1,66_2.jpg
2476,3,3.5,1,66_3.jpg
3334,4,3.5,2,66_4.jpg
1525,3,2,1,66_5.jpg
2206,3,2.5,1,66_6.jpg
2557,3,2.5,1,66_7.jpg
6001,5,6.5,2,66_8.jpg
3742,4,4,2,66_9.jpg
4750,4,4.5,2,66_10.jpg
3345,3,3.5,2,66_11.jpg
10281,7,7.5,2,66_12.jpg
2175,3,2.5,1,66_13.jpg
4545,5,4,1,66_14.jpg
1927,3,3,2,66_15.jpg
2175,4,2.5,2,66_16.jpg
3738,4,4.5,2,66_17.jpg
3601,3,2.5,1,66_18.jpg
2764,3,3,1,66_19.jpg
4215,4,4,1,66_20.jpg
3219,3,3,2,66_21.jpg
2265,2,2.5,1,66_22.jpg
5195,5,4.5,2,66_23.jpg
1621,3,2,1,66_24.jpg
3665,3,3.5,1,66_25.jpg
8077,4,4,1,66_26.jpg
3982,5,4.5,2,66_27.jpg
2690,4,3,1,66_28.jpg
2779,4,3.5,2,66_29.jpg
2232,3,3,1,66_30.jpg
1652,3,2,1,67_1.jpg
2486,3,2.5,1,67_2.jpg
2220,3,2,1,67_3.jpg
3776,3,3.5,1,67_4.jpg
2400,3,3.5,1,67_5.jpg
2030,3,2,1,67_6.jpg
2303,3,2.5,1,67_7.jpg
1843,4,2,1,67_8.jpg
1879,3,2,1,67_9.jpg
928,2,2,1,67_10.jpg
988,2,2,1,67_11.jpg
1800,3,2,1,67_12.jpg
2373,4,2.5,1,67_13.jpg
1698,3,2.5,1,67_14.jpg
1260,2,2,1,67_15.jpg
1611,3,2,1,67_16.jpg
2235,3,2.5,1,67_17.jpg
926,2,2,1,67_18.jpg
1650,3,2.5,1,67_19.jpg
2686,4,2.5,1,67_20.jpg
2454,3,2.5,1,67_21.jpg
1232,2,2,1,67_22.jpg
768,1,1,1,67_23.jpg
924,2,1,1,67_24.jpg
1064,2,2,1,67_25.jpg
2030,3,2,1,67_26.jpg
1232,2,2,1,67_27.jpg
1416,3,2,1,67_28.jpg
1258,3,2,1,67_29.jpg
1880,4,2.5,1,67_30.jpg
890,2,1,1,68_1.jpg
2085,3,2.5,1,68_2.jpg
2588,3,2.5,1,68_3.jpg
2352,4,3,1,68_4.jpg
981,2,2,1,68_5.jpg
2000,3,2.5,1,68_6.jpg
1611,3,2,1,68_7.jpg
2290,3,2.5,1,68_8.jpg
1398,3,2,1,68_9.jpg
3086,4,3.5,1,68_10.jpg
1521,3,2,1,68_11.jpg
1035,3,2,1,68_12.jpg
1311,3,2,1,68_13.jpg
2526,3,2.5,2,68_14.jpg
3507,4,3,1,68_15.jpg
1800,3,2,1,68_16.jpg
1200,2,2,1,68_17.jpg
4298,4,4.5,2,68_18.jpg
1773,4,3.5,2,68_19.jpg
1005,2,1.5,2,68_20.jpg
1311,3,2,1,68_21.jpg
2063,4,2.5,1,68_22.jpg
1257,2,2,1,68_23.jpg
1738,3,2.5,2,68_24.jpg
2395,3,2.5,1,68_25.jpg
2789,4,3.5,1,68_26.jpg
2832,4,3,1,68_27.jpg
2010,4,3,2,68_28.jpg
2705,5,3.5,1,68_29.jpg
2781,3,2.5,1,68_30.jpg
2015,3,2.5,1,69_1.jpg
3599,4,4.5,1,69_2.jpg
3838,4,3.5,1,69_3.jpg
3366,4,3.5,1,69_4.jpg
1263,3,2,1,69_5.jpg
6079,5,6,2,69_6.jpg
4030,4,4.5,1,69_7.jpg
2034,3,2,1,69_8.jpg
3718,4,5,1,69_9.jpg
1276,3,2,1,69_10.jpg
1980,2,2,1,69_11.jpg
1868,3,2.5,1,69_12.jpg
1791,3,2,1,69_13.jpg
398,1,1,1,69_14.jpg
3790,4,4.5,1,69_15.jpg
1920,4,2,1,69_16.jpg
7174,8,6.5,2,69_17.jpg
2093,4,2.5,1,69_18.jpg
1879,3,2,2,69_19.jpg
2431,3,3,1,69_20.jpg
2780,3,3,1,69_21.jpg
2150,4,3,1,69_22.jpg
504,0,1,1,69_23.jpg
346,0,1,1,69_24.jpg
1161,2,2,1,69_25.jpg
1299,4,2,1,69_26.jpg
910,2,2,1,69_27.jpg
1650,4,2,1,69_28.jpg
1984,4,3,1,69_29.jpg
2367,4,3,1,69_30.jpg
2257,4,2.5,2,70_1.jpg
2085,3,2.5,1,70_2.jpg
2743,4,4.5,2,70_3.jpg
2588,3,2.5,1,70_4.jpg
2510,3,2.5,1,70_5.jpg
960,2,1,1,70_6.jpg
1285,2,2,1,70_7.jpg
2352,4,3,1,70_8.jpg
2039,3,2,1,70_9.jpg
2303,3,2.5,1,70_10.jpg
612,1,1,1,70_11.jpg
2400,4,3.5,1,70_12.jpg
2390,4,3,1,70_13.jpg
1448,2,2,1,70_14.jpg
2428,3,2.5,1,70_15.jpg
2235,4,3,2,70_16.jpg
1611,3,2,1,70_17.jpg
3952,4,4,2,70_18.jpg
1650,3,2.5,1,70_19.jpg
1599,3,2.5,1,70_20.jpg
1493,3,2,1,70_21.jpg
2686,4,2.5,1,70_22.jpg
2496,6,4,1,70_23.jpg
2084,3,2.5,2,70_24.jpg
1064,2,2,1,70_25.jpg
3152,5,3.5,1,70_26.jpg
1459,3,2,1,70_27.jpg
1956,3,2.5,1,70_28.jpg
525,1,1,2,70_29.jpg
1416,3,2,1,70_30.jpg
3498,4,3.5,2,71_1.jpg
1285,2,2,1,71_2.jpg
300,1,1,1,71_3.jpg
4754,4,3.5,2,71_4.jpg
3336,4,3,1,71_5.jpg
2365,4,3,2,71_6.jpg
3698,3,3.5,2,71_7.jpg
2250,3,2.5,2,71_8.jpg
757,2,1,1,71_9.jpg
1733,2,2,1,71_10.jpg
2485,4,3,1,71_11.jpg
2821,3,2.5,1,71_12.jpg
7632,5,6.5,2,71_13.jpg
3539,4,3.5,2,71_14.jpg
2454,4,3,2,71_15.jpg
2545,4,3,1,71_16.jpg
2168,3,2,1,71_17.jpg
3747,4,3.5,2,71_18.jpg
922,3,1,2,71_19.jpg
3213,4,3.5,2,71_20.jpg
2959,4,3,1,71_21.jpg
3708,3,2,1,71_22.jpg
960,1,1,1,71_23.jpg
3602,5,4,2,71_24.jpg
9772,6,7.5,2,71_25.jpg
2526,4,3,1,71_26.jpg
3134,4,3,2,71_27.jpg
3210,4,3,2,71_28.jpg
4934,4,4,2,71_29.jpg
2552,4,3.5,2,71_30.jpg
3574,4,4.5,2,72_1.jpg
4826,5,6,2,72_2.jpg
4898,5,5.5,3,72_3.jpg
2772,4,3.5,2,72_4.jpg
11000,5,5,3,72_5.jpg
2518,4,3,2,72_6.jpg
1677,3,2,1,72_7.jpg
2056,4,2.5,3,72_8.jpg
3131,4,3.5,2,72_9.jpg
1953,3,2.5,2,72_10.jpg
1936,3,2.5,2,72_11.jpg
1516,3,2,1,72_12.jpg
4038,4,3.5,2,72_13.jpg
2265,4,3.5,2,72_14.jpg
1159,3,1,1,72_15.jpg
2071,3,2.5,2,72_16.jpg
2632,4,2.5,2,72_17.jpg
1924,3,2.5,2,72_18.jpg
2340,3,2.5,2,72_19.jpg
2448,4,2.5,2,72_20.jpg
1737,4,3,2,72_21.jpg
2898,4,3,2,72_22.jpg
1991,3,2.5,1,72_23.jpg
1197,3,2.5,2,72_24.jpg
840,1,1,1,72_25.jpg
1653,3,1.5,2,72_26.jpg
1558,3,2.5,2,72_27.jpg
3435,4,4.5,2,72_28.jpg
2406,3,3,2,72_29.jpg
2224,4,3,2,72_30.jpg
2578,4,3.5,1,73_1.jpg
784,1,1,1,73_2.jpg
2085,3,2.5,1,73_3.jpg
1742,3,2.5,1,73_4.jpg
2486,3,2.5,1,73_5.jpg
2743,4,4.5,2,73_6.jpg
2588,3,2.5,1,73_7.jpg
2220,3,2,1,73_8.jpg
2510,3,2.5,1,73_9.jpg
960,2,1,1,73_10.jpg
2358,3,2.5,1,73_11.jpg
2352,4,3,1,73_12.jpg
2765,3,2.5,2,73_13.jpg
2039,3,2,1,73_14.jpg
2400,3,3.5,1,73_15.jpg
2030,3,2,1,73_16.jpg
2303,3,2.5,1,73_17.jpg
612,1,1,1,73_18.jpg
2400,4,3.5,1,73_19.jpg
1817,3,2,1,73_20.jpg
1924,3,2.5,1,73_21.jpg
2326,4,2.5,1,73_22.jpg
3127,4,3.5,1,73_23.jpg
1843,4,2,1,73_24.jpg
1486,3,2,1,73_25.jpg
928,2,2,1,73_26.jpg
988,2,2,1,73_27.jpg
988,2,2,1,73_28.jpg
1800,3,2,1,73_29.jpg
2373,4,2.5,1,73_30.jpg
3041,3,2.5,2,74_1.jpg
784,1,1,1,74_2.jpg
2486,3,2.5,1,74_3.jpg
2220,3,2,1,74_4.jpg
3776,3,3.5,1,74_5.jpg
2765,3,2.5,2,74_6.jpg
2039,3,2,1,74_7.jpg
2400,3,3.5,1,74_8.jpg
2030,3,2,1,74_9.jpg
612,1,1,1,74_10.jpg
1800,3,2,1,74_11.jpg
2000,3,2.5,1,74_12.jpg
2235,4,3,2,74_13.jpg
1260,2,2,1,74_14.jpg
2016,3,2.5,1,74_15.jpg
3374,3,3.5,2,74_16.jpg
2084,3,2.5,2,74_17.jpg
924,2,1,1,74_18.jpg
525,1,1,2,74_19.jpg
2765,3,2.5,2,74_20.jpg
3399,3,3,2,74_21.jpg
1800,3,3,1,74_22.jpg
1596,3,2,1,74_23.jpg
1639,3,2,1,74_24.jpg
2693,3,2.5,2,74_25.jpg
2250,3,2.5,2,74_26.jpg
2168,3,2.5,1,74_27.jpg
2311,3,2.5,2,74_28.jpg
896,2,1,1,74_29.jpg
2000,4,3,1,74_30.jpg
2431,3,2.5,1,75_1.jpg
1742,3,2.5,1,75_2.jpg
2588,3,2.5,1,75_3.jpg
2220,3,2,1,75_4.jpg
2358,3,2.5,1,75_5.jpg
2352,4,3,1,75_6.jpg
2030,3,2,1,75_7.jpg
2400,4,3.5,1,75_8.jpg
1817,3,2,1,75_9.jpg
1924,3,2.5,1,75_10.jpg
1486,3,2,1,75_11.jpg
928,2,2,1,75_12.jpg
988,2,2,1,75_13.jpg
988,2,2,1,75_14.jpg
1800,3,2,1,75_15.jpg
2373,4,2.5,1,75_16.jpg
2390,4,3,1,75_17.jpg
1254,2,2,1,75_18.jpg
1448,2,2,1,75_19.jpg
981,2,2,1,75_20.jpg
1260,2,2,1,75_21.jpg
1611,3,2,1,75_22.jpg
1599,3,2.5,1,75_23.jpg
1493,3,2,1,75_24.jpg
2016,3,2.5,1,75_25.jpg
2686,4,2.5,1,75_26.jpg
2496,6,4,1,75_27.jpg
2290,3,2.5,1,75_28.jpg
1398,3,2,1,75_29.jpg
2454,3,2.5,1,75_30.jpg
1131,3,2,1,76_1.jpg
2373,4,2.5,1,76_2.jpg
2235,3,2.5,1,76_3.jpg
1200,2,2,1,76_4.jpg
800,2,1,1,76_5.jpg
3638,3,3.5,1,76_6.jpg
1872,3,2,1,76_7.jpg
1731,3,2,1,76_8.jpg
860,2,2,1,76_9.jpg
1639,3,2,1,76_10.jpg
3083,3,3.5,1,76_11.jpg
2557,3,2.5,1,76_12.jpg
2448,4,3,1,76_13.jpg
1800,3,2,1,76_14.jpg
640,1,1,1,76_15.jpg
287,1,1,1,76_16.jpg
2684,3,3,1,76_17.jpg
312,1,1,1,76_18.jpg
935,2,1,1,76_19.jpg
2206,3,2.5,1,76_20.jpg
2557,3,2.5,1,76_21.jpg
991,2,2,1,76_22.jpg
1323,2,2,1,76_23.jpg
1922,3,2,1,76_24.jpg
640,1,1,1,76_25.jpg
880,2,1,1,76_26.jpg
784,3,1,1,76_27.jpg
870,2,2,1,76_28.jpg
629,2,1,1,76_29.jpg
1508,2,2,1,76_30.jpg
3041,3,2.5,2,77_1.jpg
784,1,1,1,77_2.jpg
2486,3,2.5,1,77_3.jpg
2220,3,2,1,77_4.jpg
3776,3,3.5,1,77_5.jpg
2765,3,2.5,2,77_6.jpg
2039,3,2,1,77_7.jpg
2400,3,3.5,1,77_8.jpg
2030,3,2,1,77_9.jpg
612,1,1,1,77_10.jpg
1800,3,2,1,77_11.jpg
2000,3,2.5,1,77_12.jpg
2235,4,3,2,77_13.jpg
1260,2,2,1,77_14.jpg
2016,3,2.5,1,77_15.jpg
3374,3,3.5,2,77_16.jpg
2084,3,2.5,2,77_17.jpg
924,2,1,1,77_18.jpg
525,1,1,2,77_19.jpg
2765,3,2.5,2,77_20.jpg
3399,3,3,2,77_21.jpg
1800,3,3,1,77_22.jpg
1596,3,2,1,77_23.jpg
1639,3,2,1,77_24.jpg
2693,3,2.5,2,77_25.jpg
2250,3,2.5,2,77_26.jpg
2168,3,2.5,1,77_27.jpg
2311,3,2.5,2,77_28.jpg
896,2,1,1,77_29.jpg
2000,4,3,1,77_30.jpg
2894,4,3.5,3,78_1.jpg
3595,3,4.5,3,78_2.jpg
1105,2,2,1,78_3.jpg
3105,4,3,2,78_4.jpg
856,2,1,1,78_5.jpg
2810,4,3,4,78_6.jpg
6182,5,5.5,2,78_7.jpg
1024,1,1.5,1,78_8.jpg
1011,2,2,2,78_9.jpg
1011,2,2,2,78_10.jpg
4159,4,4.5,2,78_11.jpg
896,1,1.5,1,78_12.jpg
576,1,1,1,78_13.jpg
935,2,1,1,78_14.jpg
1267,2,2,2,78_15.jpg
991,2,2,1,78_16.jpg
3310,4,3.5,2,78_17.jpg
1697,3,2,1,78_18.jpg
799,1,1.5,1,78_19.jpg
1410,3,2,2,78_20.jpg
2543,4,3,2,78_21.jpg
2483,4,3,2,78_22.jpg
2493,4,4.5,2,78_23.jpg
2184,3,2,2,78_24.jpg
954,2,1,1,78_25.jpg
2386,4,3,1,78_26.jpg
816,1,1,1,78_27.jpg
1249,3,2,2,78_28.jpg
796,1,1,1,78_29.jpg
1697,3,2,2,78_30.jpg
1879,3,2,1,79_1.jpg
1642,3,2.5,1,79_2.jpg
1200,3,2,1,79_3.jpg
624,1,1,1,79_4.jpg
2234,3,2.5,1,79_5.jpg
1473,3,2,1,79_6.jpg
1788,3,2,1,79_7.jpg
2073,3,2.5,1,79_8.jpg
1374,3,2,2,79_9.jpg
1024,1,1.5,1,79_10.jpg
1749,3,2,1,79_11.jpg
2988,4,3,2,79_12.jpg
1914,3,2,1,79_13.jpg
691,2,1,1,79_14.jpg
1451,3,2,1,79_15.jpg
1428,3,2,1,79_16.jpg
2296,3,3,2,79_17.jpg
999,2,2,1,79_18.jpg
3797,4,3.5,2,79_19.jpg
1697,3,2,1,79_20.jpg
788,1,1,1,79_21.jpg
3742,4,4,2,79_22.jpg
1440,2,2,1,79_23.jpg
1947,4,2.5,1,79_24.jpg
680,1,1,2,79_25.jpg
1657,3,2,1,79_26.jpg
1628,3,2,1,79_27.jpg
2590,3,3,2,79_28.jpg
640,1,1,2,79_29.jpg
930,2,2,1,79_30.jpg
1230,3,2,1,80_1.jpg
1679,2,2,1,80_2.jpg
1200,2,2,1,80_3.jpg
768,1,1,1,80_4.jpg
624,1,1,1,80_5.jpg
384,1,1,1,80_6.jpg
2234,3,2.5,1,80_7.jpg
2268,3,2,1,80_8.jpg
1479,3,2,2,80_9.jpg
1727,2,2,2,80_10.jpg
1770,3,2.5,2,80_11.jpg
522,1,1,2,80_12.jpg
1277,3,2,1,80_13.jpg
1966,4,3,2,80_14.jpg
1143,2,1,1,80_15.jpg
900,2,1,1,80_16.jpg
1599,2,2,2,80_17.jpg
1374,3,2,2,80_18.jpg
640,1,1,1,80_19.jpg
761,2,1,2,80_20.jpg
1011,2,2,2,80_21.jpg
2662,3,3,2,80_22.jpg
1011,2,2,2,80_23.jpg
1400,2,2,2,80_24.jpg
896,1,1.5,1,80_25.jpg
600,1,1,1,80_26.jpg
935,2,1,1,80_27.jpg
1162,2,2,1,80_28.jpg
598,1,1,1,80_29.jpg
480,2,1,1,80_30.jpg
9360,6,6.5,2,81_1.jpg
2191,3,2.5,1,81_2.jpg
8210,6,7.5,2,81_3.jpg
5564,4,5.5,2,81_4.jpg
10735,5,6,2,81_5.jpg
2523,4,3,2,81_6.jpg
5699,5,7,2,81_7.jpg
2502,4,3.5,2,81_8.jpg
2551,4,3.5,2,81_9.jpg
3265,4,3.5,3,81_10.jpg
1640,3,2,1,81_11.jpg
4327,4,3.5,2,81_12.jpg
3136,4,3.5,1,81_13.jpg
1895,4,2.5,2,81_14.jpg
768,2,1,1,81_15.jpg
2898,4,3,2,81_16.jpg
1990,3,2,1,81_17.jpg
643,1,2,2,81_18.jpg
4417,4,4.5,2,81_19.jpg
4969,3,3.5,2,81_20.jpg
3618,4,4,2,81_21.jpg
1172,2,2,1,81_22.jpg
3270,4,3.5,2,81_23.jpg
1649,3,2.5,1,81_24.jpg
2099,5,2.5,2,81_25.jpg
2141,4,2.5,2,81_26.jpg
2379,3,2.5,1,81_27.jpg
1320,3,2,1,81_28.jpg
1486,3,2.5,2,81_29.jpg
3869,4,3.5,2,81_30.jpg
2510,3,2.5,1,82_1.jpg
4298,4,4.5,2,82_2.jpg
741,1,1,2,82_3.jpg
11000,5,5,3,82_4.jpg
9360,6,6.5,2,82_5.jpg
3206,6,3,2,82_6.jpg
4903,4,5,2,82_7.jpg
880,1,2,2,82_8.jpg
5739,5,5.5,1,82_9.jpg
2631,4,3,2,82_10.jpg
5564,4,5.5,2,82_11.jpg
2566,4,3,2,82_12.jpg
4724,5,4.5,2,82_13.jpg
1872,3,3,2,82_14.jpg
10735,5,6,2,82_15.jpg
4943,4,4.5,2,82_16.jpg
2400,3,2.5,2,82_17.jpg
3414,3,3.5,2,82_18.jpg
2148,4,2.5,2,82_19.jpg
3359,4,3.5,2,82_20.jpg
2557,3,3.5,2,82_21.jpg
3664,4,4,2,82_22.jpg
1640,3,2,1,82_23.jpg
1476,3,2,1,82_24.jpg
2400,4,3.5,2,82_25.jpg
1775,3,2.5,2,82_26.jpg
909,1,1.5,2,82_27.jpg
1730,4,2.5,2,82_28.jpg
1385,3,2,1,82_29.jpg
2825,4,3.5,2,82_30.jpg
3345,3,3.5,2,83_1.jpg
3458,4,4.5,3,83_2.jpg
3776,3,3.5,1,83_3.jpg
1679,2,2,1,83_4.jpg
3595,3,4.5,3,83_5.jpg
2235,3,2.5,1,83_6.jpg
1200,2,2,1,83_7.jpg
1509,3,2,2,83_8.jpg
926,2,2,1,83_9.jpg
1576,3,2,2,83_10.jpg
3374,3,3.5,2,83_11.jpg
2287,3,3,2,83_12.jpg
1105,2,2,1,83_13.jpg
2827,3,3,2,83_14.jpg
3164,4,2.5,2,83_15.jpg
3638,3,3.5,1,83_16.jpg
3105,4,3,2,83_17.jpg
1212,2,1,1,83_18.jpg
3224,6,4.5,2,83_19.jpg
2358,3,2.5,1,83_20.jpg
1913,3,2,1,83_21.jpg
1731,3,2,1,83_22.jpg
1131,3,2,1,83_23.jpg
1639,3,2,1,83_24.jpg
3083,3,3.5,1,83_25.jpg
2250,3,2.5,2,83_26.jpg
985,2,2,2,83_27.jpg
2268,3,2,1,83_28.jpg
1552,3,2,1,83_29.jpg
1373,3,2,1,83_30.jpg
1616,2,2,2,84_1.jpg
1742,3,2.5,1,84_2.jpg
2743,4,4.5,2,84_3.jpg
2510,3,2.5,1,84_4.jpg
1285,2,2,1,84_5.jpg
1486,3,2,1,84_6.jpg
928,2,2,1,84_7.jpg
988,2,2,1,84_8.jpg
1254,2,2,1,84_9.jpg
926,2,2,1,84_10.jpg
2016,3,2.5,1,84_11.jpg
800,2,1,1,84_12.jpg
1500,3,2,1,84_13.jpg
1300,3,2,1,84_14.jpg
1425,3,2,1,84_15.jpg
1764,4,2,1,84_16.jpg
1212,2,1,1,84_17.jpg
618,1,1,2,84_18.jpg
4658,6,4.5,2,84_19.jpg
2526,3,2.5,2,84_20.jpg
1200,3,2,1,84_21.jpg
1732,4,2.5,1,84_22.jpg
856,2,1,1,84_23.jpg
624,1,1,1,84_24.jpg
1257,2,2,1,84_25.jpg
736,2,1,1,84_26.jpg
872,1,1.5,1,84_27.jpg
1450,3,2,1,84_28.jpg
1302,3,2,2,84_29.jpg
1738,3,2.5,2,84_30.jpg
1908,3,2.5,2,85_1.jpg
784,1,1,1,85_2.jpg
2085,3,2.5,1,85_3.jpg
1742,3,2.5,1,85_4.jpg
2486,3,2.5,1,85_5.jpg
2743,4,4.5,2,85_6.jpg
2220,3,2,1,85_7.jpg
1769,3,2,1,85_8.jpg
3776,3,3.5,1,85_9.jpg
2358,3,2.5,1,85_10.jpg
2765,3,2.5,2,85_11.jpg
2400,3,3.5,1,85_12.jpg
1679,2,2,1,85_13.jpg
612,1,1,1,85_14.jpg
2400,4,3.5,1,85_15.jpg
1924,3,2.5,1,85_16.jpg
2326,4,2.5,1,85_17.jpg
3127,4,3.5,1,85_18.jpg
1843,4,2,1,85_19.jpg
988,2,2,1,85_20.jpg
1800,3,2,1,85_21.jpg
2390,4,3,1,85_22.jpg
1254,2,2,1,85_23.jpg
1448,2,2,1,85_24.jpg
2428,3,2.5,1,85_25.jpg
981,2,2,1,85_26.jpg
2000,3,2.5,1,85_27.jpg
2235,4,3,2,85_28.jpg
1260,2,2,1,85_29.jpg
1611,3,2,1,85_30.jpg
3458,4,4.5,3,86_1.jpg
960,2,1,1,86_2.jpg
1769,3,2,1,86_3.jpg
2358,3,2.5,1,86_4.jpg
2765,3,2.5,2,86_5.jpg
2039,3,2,1,86_6.jpg
2030,3,2,1,86_7.jpg
2303,3,2.5,1,86_8.jpg
2400,4,3.5,1,86_9.jpg
1817,3,2,1,86_10.jpg
1843,4,2,1,86_11.jpg
1421,3,2,1,86_12.jpg
1879,3,2,1,86_13.jpg
928,2,2,1,86_14.jpg
988,2,2,1,86_15.jpg
988,2,2,1,86_16.jpg
1254,2,2,1,86_17.jpg
2428,3,2.5,1,86_18.jpg
1698,3,2.5,1,86_19.jpg
981,2,2,1,86_20.jpg
2016,3,2.5,1,86_21.jpg
1232,2,2,1,86_22.jpg
1956,3,2.5,1,86_23.jpg
2030,3,2,1,86_24.jpg
2230,3,2.5,1,86_25.jpg
1897,4,2,1,86_26.jpg
1232,2,2,1,86_27.jpg
1258,3,2,1,86_28.jpg
2765,3,2.5,2,86_29.jpg
1425,3,2,1,86_30.jpg
3359,3,4,2,87_1.jpg
5051,4,4.5,2,87_2.jpg
1285,2,2,1,87_3.jpg
3595,3,4.5,3,87_4.jpg
3127,4,3.5,1,87_5.jpg
2373,4,2.5,1,87_6.jpg
2578,4,3,1,87_7.jpg
1884,3,2,1,87_8.jpg
1800,3,2.5,1,87_9.jpg
1356,3,2.5,2,87_10.jpg
3692,5,5,2,87_11.jpg
3647,3,3.5,2,87_12.jpg
3214,3,3.5,1,87_13.jpg
3048,4,4,1,87_14.jpg
2789,4,3.5,1,87_15.jpg
3122,3,3.5,1,87_16.jpg
3340,4,4.5,1,87_17.jpg
1798,4,2,1,87_18.jpg
3176,4,3.5,1,87_19.jpg
300,1,1,1,87_20.jpg
11672,6,7.5,3,87_21.jpg
6860,4,5,2,87_22.jpg
2469,4,3,2,87_23.jpg
4754,4,3.5,2,87_24.jpg
1162,2,2,1,87_25.jpg
6554,4,4.5,1,87_26.jpg
3310,4,3.5,2,87_27.jpg
3487,4,2.5,2,87_28.jpg
3704,4,4.5,1,87_29.jpg
5739,5,5.5,1,87_30.jpg
2578,4,3.5,1,88_1.jpg
784,1,1,1,88_2.jpg
2085,3,2.5,1,88_3.jpg
1742,3,2.5,1,88_4.jpg
2486,3,2.5,1,88_5.jpg
2743,4,4.5,2,88_6.jpg
2588,3,2.5,1,88_7.jpg
2220,3,2,1,88_8.jpg
2510,3,2.5,1,88_9.jpg
960,2,1,1,88_10.jpg
2358,3,2.5,1,88_11.jpg
2352,4,3,1,88_12.jpg
2765,3,2.5,2,88_13.jpg
2039,3,2,1,88_14.jpg
2400,3,3.5,1,88_15.jpg
2030,3,2,1,88_16.jpg
2303,3,2.5,1,88_17.jpg
612,1,1,1,88_18.jpg
2400,4,3.5,1,88_19.jpg
1817,3,2,1,88_20.jpg
1924,3,2.5,1,88_21.jpg
2326,4,2.5,1,88_22.jpg
3127,4,3.5,1,88_23.jpg
1843,4,2,1,88_24.jpg
1486,3,2,1,88_25.jpg
928,2,2,1,88_26.jpg
988,2,2,1,88_27.jpg
988,2,2,1,88_28.jpg
1800,3,2,1,88_29.jpg
2373,4,2.5,1,88_30.jpg
2328,3,2,2,89_1.jpg
1285,2,2,3,89_2.jpg
950,1,1,2,89_3.jpg
5140,5,4.5,2,89_4.jpg
1338,2,2,2,89_5.jpg
360,1,1,1,89_6.jpg
3725,6,3,2,89_7.jpg
1509,2,2,2,89_8.jpg
4310,5,5,2,89_9.jpg
3670,6,5,2,89_10.jpg
4565,4,3.5,2,89_11.jpg
3725,4,3,2,89_12.jpg
2513,3,2.5,2,89_13.jpg
2281,3,2.5,2,89_14.jpg
1390,2,2,1,89_15.jpg
1568,2,2.5,2,89_16.jpg
1362,2,2,2,89_17.jpg
1427,2,2,2,89_18.jpg
3867,5,4,3,89_19.jpg
1601,3,2,2,89_20.jpg
2319,3,2.5,2,89_21.jpg
1512,3,2,1,89_22.jpg
2688,3,4,1,89_23.jpg
2053,2,2,2,89_24.jpg
1785,3,3,2,89_25.jpg
1040,1,1,2,89_26.jpg
2576,2,2,2,89_27.jpg
2057,3,3,2,89_28.jpg
1469,1,1,2,89_29.jpg
1485,3,3,2,89_30.jpg
4923,4,3.5,2,90_1.jpg
2191,3,2.5,1,90_2.jpg
3599,4,4.5,1,90_3.jpg
8364,6,6,3,90_4.jpg
6136,5,5.5,2,90_5.jpg
7395,6,7.5,2,90_6.jpg
3031,4,5,2,90_7.jpg
11672,6,7.5,3,90_8.jpg
6860,4,5,2,90_9.jpg
8001,5,5.5,2,90_10.jpg
2684,3,3,1,90_11.jpg
6079,5,6,2,90_12.jpg
6001,5,6.5,2,90_13.jpg
6554,4,4.5,1,90_14.jpg
4030,4,4.5,1,90_15.jpg
4428,5,5,2,90_16.jpg
4403,4,4.5,1,90_17.jpg
4167,4,5.5,2,90_18.jpg
2504,3,3,1,90_19.jpg
1920,4,2,1,90_20.jpg
2034,3,2,1,90_21.jpg
6045,5,5.5,2,90_22.jpg
3601,3,2.5,1,90_23.jpg
3718,4,5,1,90_24.jpg
5653,5,5.2,2,90_25.jpg
4730,4,4.5,2,90_26.jpg
3163,4,3.5,1,90_27.jpg
3585,5,4,2,90_28.jpg
3790,4,4.5,1,90_29.jpg
1920,4,2,1,90_30.jpg
4356,4,4.5,2,91_1.jpg
3458,4,4.5,3,91_2.jpg
1679,2,2,1,91_3.jpg
3595,3,4.5,3,91_4.jpg
2373,4,2.5,1,91_5.jpg
2235,3,2.5,1,91_6.jpg
1200,2,2,1,91_7.jpg
1509,3,2,2,91_8.jpg
926,2,2,1,91_9.jpg
1576,3,2,2,91_10.jpg
3374,3,3.5,2,91_11.jpg
800,2,1,1,91_12.jpg
2287,3,3,2,91_13.jpg
1105,2,2,1,91_14.jpg
1642,3,2.5,1,91_15.jpg
3638,3,3.5,1,91_16.jpg
1979,3,2.5,1,91_17.jpg
3105,4,3,2,91_18.jpg
618,1,1,2,91_19.jpg
1600,3,2,1,91_20.jpg
3224,6,4.5,2,91_21.jpg
1872,3,2,1,91_22.jpg
1913,3,2,1,91_23.jpg
1731,3,2,1,91_24.jpg
1131,3,2,1,91_25.jpg
860,2,2,1,91_26.jpg
3083,3,3.5,1,91_27.jpg
1953,2,2.5,2,91_28.jpg
985,2,2,2,91_29.jpg
2557,3,2.5,1,91_30.jpg
1922,3,2,1,92_1.jpg
1432,2,2,1,92_2.jpg
2476,3,3.5,1,92_3.jpg
3334,4,3.5,2,92_4.jpg
1525,3,2,1,92_5.jpg
2206,3,2.5,1,92_6.jpg
2557,3,2.5,1,92_7.jpg
6001,5,6.5,2,92_8.jpg
3742,4,4,2,92_9.jpg
4750,4,4.5,2,92_10.jpg
3345,3,3.5,2,92_11.jpg
10281,7,7.5,2,92_12.jpg
2175,3,2.5,1,92_13.jpg
4545,5,4,1,92_14.jpg
1927,3,3,2,92_15.jpg
2175,4,2.5,2,92_16.jpg
3738,4,4.5,2,92_17.jpg
3601,3,2.5,1,92_18.jpg
2764,3,3,1,92_19.jpg
4215,4,4,1,92_20.jpg
3219,3,3,2,92_21.jpg
2265,2,2.5,1,92_22.jpg
5195,5,4.5,2,92_23.jpg
1621,3,2,1,92_24.jpg
3665,3,3.5,1,92_25.jpg
8077,4,4,1,92_26.jpg
3982,5,4.5,2,92_27.jpg
2690,4,3,1,92_28.jpg
2779,4,3.5,2,92_29.jpg
2232,3,3,1,92_30.jpg
1652,3,2,1,93_1.jpg
2486,3,2.5,1,93_2.jpg
2220,3,2,1,93_3.jpg
3776,3,3.5,1,93_4.jpg
2400,3,3.5,1,93_5.jpg
2030,3,2,1,93_6.jpg
2303,3,2.5,1,93_7.jpg
1843,4,2,1,93_8.jpg
1879,3,2,1,93_9.jpg
928,2,2,1,93_10.jpg
988,2,2,1,93_11.jpg
1800,3,2,1,93_12.jpg
2373,4,2.5,1,93_13.jpg
1698,3,2.5,1,93_14.jpg
1260,2,2,1,93_15.jpg
1611,3,2,1,93_16.jpg
2235,3,2.5,1,93_17.jpg
926,2,2,1,93_18.jpg
1650,3,2.5,1,93_19.jpg
2686,4,2.5,1,93_20.jpg
2454,3,2.5,1,93_21.jpg
1232,2,2,1,93_22.jpg
768,1,1,1,93_23.jpg
924,2,1,1,93_24.jpg
1064,2,2,1,93_25.jpg
2030,3,2,1,93_26.jpg
1232,2,2,1,93_27.jpg
1416,3,2,1,93_28.jpg
1258,3,2,1,93_29.jpg
1880,4,2.5,1,93_30.jpg
890,2,1,1,94_1.jpg
2085,3,2.5,1,94_2.jpg
2588,3,2.5,1,94_3.jpg
2352,4,3,1,94_4.jpg
981,2,2,1,94_5.jpg
2000,3,2.5,1,94_6.jpg
1611,3,2,1,94_7.jpg
2290,3,2.5,1,94_8.jpg
1398,3,2,1,94_9.jpg
3086,4,3.5,1,94_10.jpg
1521,3,2,1,94_11.jpg
1035,3,2,1,94_12.jpg
1311,3,2,1,94_13.jpg
2526,3,2.5,2,94_14.jpg
3507,4,3,1,94_15.jpg
1800,3,2,1,94_16.jpg
1200,2,2,1,94_17.jpg
4298,4,4.5,2,94_18.jpg
1773,4,3.5,2,94_19.jpg
1005,2,1.5,2,94_20.jpg
1311,3,2,1,94_21.jpg
2063,4,2.5,1,94_22.jpg
1257,2,2,1,94_23.jpg
1738,3,2.5,2,94_24.jpg
2395,3,2.5,1,94_25.jpg
2789,4,3.5,1,94_26.jpg
2832,4,3,1,94_27.jpg
2010,4,3,2,94_28.jpg
2705,5,3.5,1,94_29.jpg
2781,3,2.5,1,94_30.jpg
2015,3,2.5,1,95_1.jpg
3599,4,4.5,1,95_2.jpg
3838,4,3.5,1,95_3.jpg
3366,4,3.5,1,95_4.jpg
1263,3,2,1,95_5.jpg
6079,5,6,2,95_6.jpg
4030,4,4.5,1,95_7.jpg
2034,3,2,1,95_8.jpg
3718,4,5,1,95_9.jpg
1276,3,2,1,95_10.jpg
1980,2,2,1,95_11.jpg
1868,3,2.5,1,95_12.jpg
1791,3,2,1,95_13.jpg
398,1,1,1,95_14.jpg
3790,4,4.5,1,95_15.jpg
1920,4,2,1,95_16.jpg
7174,8,6.5,2,95_17.jpg
2093,4,2.5,1,95_18.jpg
1879,3,2,2,95_19.jpg
2431,3,3,1,95_20.jpg
2780,3,3,1,95_21.jpg
2150,4,3,1,95_22.jpg
504,0,1,1,95_23.jpg
346,0,1,1,95_24.jpg
1161,2,2,1,95_25.jpg
1299,4,2,1,95_26.jpg
910,2,2,1,95_27.jpg
1650,4,2,1,95_28.jpg
1984,4,3,1,95_29.jpg
2367,4,3,1,95_30.jpg
2257,4,2.5,2,96_1.jpg
2085,3,2.5,1,96_2.jpg
2743,4,4.5,2,96_3.jpg
2588,3,2.5,1,96_4.jpg
2510,3,2.5,1,96_5.jpg
960,2,1,1,96_6.jpg
1285,2,2,1,96_7.jpg
2352,4,3,1,96_8.jpg
2039,3,2,1,96_9.jpg
2303,3,2.5,1,96_10.jpg
612,1,1,1,96_11.jpg
2400,4,3.5,1,96_12.jpg
2390,4,3,1,96_13.jpg
1448,2,2,1,96_14.jpg
2428,3,2.5,1,96_15.jpg
2235,4,3,2,96_16.jpg
1611,3,2,1,96_17.jpg
3952,4,4,2,96_18.jpg
1650,3,2.5,1,96_19.jpg
1599,3,2.5,1,96_20.jpg
1493,3,2,1,96_21.jpg
2686,4,2.5,1,96_22.jpg
2496,6,4,1,96_23.jpg
2084,3,2.5,2,96_24.jpg
1064,2,2,1,96_25.jpg
3152,5,3.5,1,96_26.jpg
1459,3,2,1,96_27.jpg
1956,3,2.5,1,96_28.jpg
525,1,1,2,96_29.jpg
1416,3,2,1,96_30.jpg
3574,4,4.5,2,98_1.jpg
4826,5,6,2,98_2.jpg
4898,5,5.5,3,98_3.jpg
2772,4,3.5,2,98_4.jpg
11000,5,5,3,98_5.jpg
2518,4,3,2,98_6.jpg
1677,3,2,1,98_7.jpg
2056,4,2.5,3,98_8.jpg
3131,4,3.5,2,98_9.jpg
1953,3,2.5,2,98_10.jpg
1936,3,2.5,2,98_11.jpg
1516,3,2,1,98_12.jpg
4038,4,3.5,2,98_13.jpg
2265,4,3.5,2,98_14.jpg
1159,3,1,1,98_15.jpg
2071,3,2.5,2,98_16.jpg
2632,4,2.5,2,98_17.jpg
1924,3,2.5,2,98_18.jpg
2340,3,2.5,2,98_19.jpg
2448,4,2.5,2,98_20.jpg
1737,4,3,2,98_21.jpg
2898,4,3,2,98_22.jpg
1991,3,2.5,1,98_23.jpg
1197,3,2.5,2,98_24.jpg
840,1,1,1,98_25.jpg
1653,3,1.5,2,98_26.jpg
1558,3,2.5,2,98_27.jpg
3435,4,4.5,2,98_28.jpg
2406,3,3,2,98_29.jpg
2224,4,3,2,98_30.jpg
